,mean_fit_time,std_fit_time,mean_score_time,std_score_time,param_criterion,param_max_depth,param_min_samples_leaf,param_min_samples_split,params,split0_test_score,split1_test_score,split2_test_score,split3_test_score,split4_test_score,mean_test_score,std_test_score,rank_test_score
0,0.0050356388092041016,0.0007361651513190123,0.005351591110229492,0.000504850120160136,gini,2,2,2,"{'criterion': 'gini', 'max_depth': 2, 'min_samples_leaf': 2, 'min_samples_split': 2}",0.7678571428571429,0.8571428571428571,0.625,0.6909090909090909,0.7090909090909091,0.73,0.07821605799828248,224
1,0.004429244995117187,9.834153416344655e-05,0.005046224594116211,0.000280139318414342,gini,2,2,5,"{'criterion': 'gini', 'max_depth': 2, 'min_samples_leaf': 2, 'min_samples_split': 5}",0.7678571428571429,0.8571428571428571,0.625,0.6909090909090909,0.7090909090909091,0.73,0.07821605799828248,224
2,0.004381895065307617,0.00012358318439965697,0.005020713806152344,0.00014629093575495793,gini,2,2,10,"{'criterion': 'gini', 'max_depth': 2, 'min_samples_leaf': 2, 'min_samples_split': 10}",0.7678571428571429,0.8571428571428571,0.625,0.6909090909090909,0.7090909090909091,0.73,0.07821605799828248,224
3,0.004390859603881836,7.610022268907754e-05,0.004844474792480469,5.627676503521016e-05,gini,2,2,15,"{'criterion': 'gini', 'max_depth': 2, 'min_samples_leaf': 2, 'min_samples_split': 15}",0.7678571428571429,0.8571428571428571,0.625,0.6909090909090909,0.7090909090909091,0.73,0.07821605799828248,224
4,0.004495573043823242,0.00015551336099241923,0.004945707321166992,0.00013137009960821248,gini,2,2,50,"{'criterion': 'gini', 'max_depth': 2, 'min_samples_leaf': 2, 'min_samples_split': 50}",0.7678571428571429,0.8571428571428571,0.625,0.6909090909090909,0.7090909090909091,0.73,0.07821605799828248,224
5,0.004345941543579102,7.145932626434255e-05,0.004828548431396485,6.605762681140026e-05,gini,2,2,100,"{'criterion': 'gini', 'max_depth': 2, 'min_samples_leaf': 2, 'min_samples_split': 100}",0.7678571428571429,0.8571428571428571,0.625,0.6909090909090909,0.7090909090909091,0.73,0.07821605799828248,224
6,0.004490089416503906,0.00012159398022715148,0.005028486251831055,0.00010639507563218812,gini,2,5,2,"{'criterion': 'gini', 'max_depth': 2, 'min_samples_leaf': 5, 'min_samples_split': 2}",0.7678571428571429,0.8571428571428571,0.625,0.6909090909090909,0.7090909090909091,0.73,0.07821605799828248,224
7,0.004516172409057617,0.00021679543903007902,0.004962301254272461,0.00010911495020905551,gini,2,5,5,"{'criterion': 'gini', 'max_depth': 2, 'min_samples_leaf': 5, 'min_samples_split': 5}",0.7678571428571429,0.8571428571428571,0.625,0.6909090909090909,0.7090909090909091,0.73,0.07821605799828248,224
8,0.004687118530273438,0.00034159694805163557,0.005181550979614258,0.00042833485946810025,gini,2,5,10,"{'criterion': 'gini', 'max_depth': 2, 'min_samples_leaf': 5, 'min_samples_split': 10}",0.7678571428571429,0.8571428571428571,0.625,0.6909090909090909,0.7090909090909091,0.73,0.07821605799828248,224
9,0.00438394546508789,6.627326350967146e-05,0.005215167999267578,0.0006069872379152673,gini,2,5,15,"{'criterion': 'gini', 'max_depth': 2, 'min_samples_leaf': 5, 'min_samples_split': 15}",0.7678571428571429,0.8571428571428571,0.625,0.6909090909090909,0.7090909090909091,0.73,0.07821605799828248,224
10,0.004435348510742188,0.0001250918827334051,0.004994344711303711,0.00019777567132558025,gini,2,5,50,"{'criterion': 'gini', 'max_depth': 2, 'min_samples_leaf': 5, 'min_samples_split': 50}",0.7678571428571429,0.8571428571428571,0.625,0.6909090909090909,0.7090909090909091,0.73,0.07821605799828248,224
11,0.004669761657714844,0.0005111153550864109,0.005052423477172852,0.00021577245487914022,gini,2,5,100,"{'criterion': 'gini', 'max_depth': 2, 'min_samples_leaf': 5, 'min_samples_split': 100}",0.7678571428571429,0.8571428571428571,0.625,0.6909090909090909,0.7090909090909091,0.73,0.07821605799828248,224
12,0.004401874542236328,0.0001679092799837942,0.00501708984375,0.00021628417856860933,gini,2,10,2,"{'criterion': 'gini', 'max_depth': 2, 'min_samples_leaf': 10, 'min_samples_split': 2}",0.7678571428571429,0.8571428571428571,0.625,0.6909090909090909,0.7090909090909091,0.73,0.07821605799828248,224
13,0.004380559921264649,8.275022206658362e-05,0.004984283447265625,0.00015883506578954774,gini,2,10,5,"{'criterion': 'gini', 'max_depth': 2, 'min_samples_leaf': 10, 'min_samples_split': 5}",0.7678571428571429,0.8571428571428571,0.625,0.6909090909090909,0.7090909090909091,0.73,0.07821605799828248,224
14,0.004425859451293946,0.0001384214495164807,0.005025386810302734,0.00012706417461715136,gini,2,10,10,"{'criterion': 'gini', 'max_depth': 2, 'min_samples_leaf': 10, 'min_samples_split': 10}",0.7678571428571429,0.8571428571428571,0.625,0.6909090909090909,0.7090909090909091,0.73,0.07821605799828248,224
15,0.004356527328491211,6.79506502518279e-05,0.0050697803497314455,0.0001903077588775137,gini,2,10,15,"{'criterion': 'gini', 'max_depth': 2, 'min_samples_leaf': 10, 'min_samples_split': 15}",0.7678571428571429,0.8571428571428571,0.625,0.6909090909090909,0.7090909090909091,0.73,0.07821605799828248,224
16,0.004422807693481445,0.00012138475942689554,0.004895639419555664,7.774499025181273e-05,gini,2,10,50,"{'criterion': 'gini', 'max_depth': 2, 'min_samples_leaf': 10, 'min_samples_split': 50}",0.7678571428571429,0.8571428571428571,0.625,0.6909090909090909,0.7090909090909091,0.73,0.07821605799828248,224
17,0.004383993148803711,0.00011715554196484996,0.004942703247070313,9.386190333327964e-05,gini,2,10,100,"{'criterion': 'gini', 'max_depth': 2, 'min_samples_leaf': 10, 'min_samples_split': 100}",0.7678571428571429,0.8571428571428571,0.625,0.6909090909090909,0.7090909090909091,0.73,0.07821605799828248,224
18,0.004386329650878906,5.7870942473394886e-05,0.004912376403808594,3.216725232603899e-05,gini,2,15,2,"{'criterion': 'gini', 'max_depth': 2, 'min_samples_leaf': 15, 'min_samples_split': 2}",0.7678571428571429,0.8571428571428571,0.625,0.6909090909090909,0.7090909090909091,0.73,0.07821605799828248,224
19,0.004452228546142578,0.00022281682525969126,0.004909038543701172,0.00020433304034186313,gini,2,15,5,"{'criterion': 'gini', 'max_depth': 2, 'min_samples_leaf': 15, 'min_samples_split': 5}",0.7678571428571429,0.8571428571428571,0.625,0.6909090909090909,0.7090909090909091,0.73,0.07821605799828248,224
20,0.0062903881072998045,0.001331983174487816,0.008457136154174805,0.003470050519980777,gini,2,15,10,"{'criterion': 'gini', 'max_depth': 2, 'min_samples_leaf': 15, 'min_samples_split': 10}",0.7678571428571429,0.8571428571428571,0.625,0.6909090909090909,0.7090909090909091,0.73,0.07821605799828248,224
21,0.005114698410034179,0.0007826267514242499,0.005480289459228516,0.0007669625307532645,gini,2,15,15,"{'criterion': 'gini', 'max_depth': 2, 'min_samples_leaf': 15, 'min_samples_split': 15}",0.7678571428571429,0.8571428571428571,0.625,0.6909090909090909,0.7090909090909091,0.73,0.07821605799828248,224
22,0.004458951950073242,0.0001655018866750287,0.0048868656158447266,9.853214243593548e-05,gini,2,15,50,"{'criterion': 'gini', 'max_depth': 2, 'min_samples_leaf': 15, 'min_samples_split': 50}",0.7678571428571429,0.8571428571428571,0.625,0.6909090909090909,0.7090909090909091,0.73,0.07821605799828248,224
23,0.004454994201660156,7.687091221030558e-05,0.005000782012939453,7.732784555766994e-05,gini,2,15,100,"{'criterion': 'gini', 'max_depth': 2, 'min_samples_leaf': 15, 'min_samples_split': 100}",0.7678571428571429,0.8571428571428571,0.625,0.6909090909090909,0.7090909090909091,0.73,0.07821605799828248,224
24,0.004520416259765625,0.00019611518731583354,0.004951095581054688,0.00011022424837220015,gini,2,20,2,"{'criterion': 'gini', 'max_depth': 2, 'min_samples_leaf': 20, 'min_samples_split': 2}",0.8035714285714286,0.8571428571428571,0.625,0.6909090909090909,0.7090909090909091,0.7371428571428571,0.08284111109813992,182
25,0.004416227340698242,0.00012037564937445503,0.005025386810302734,0.00014488577587205774,gini,2,20,5,"{'criterion': 'gini', 'max_depth': 2, 'min_samples_leaf': 20, 'min_samples_split': 5}",0.8035714285714286,0.8571428571428571,0.625,0.6909090909090909,0.7090909090909091,0.7371428571428571,0.08284111109813992,182
26,0.004550647735595703,0.00021592423863559142,0.0051361083984375,0.0002205346133107871,gini,2,20,10,"{'criterion': 'gini', 'max_depth': 2, 'min_samples_leaf': 20, 'min_samples_split': 10}",0.8035714285714286,0.8571428571428571,0.625,0.6909090909090909,0.7090909090909091,0.7371428571428571,0.08284111109813992,182
27,0.004478549957275391,0.0001284219583747836,0.005166482925415039,0.0002938056208719359,gini,2,20,15,"{'criterion': 'gini', 'max_depth': 2, 'min_samples_leaf': 20, 'min_samples_split': 15}",0.8035714285714286,0.8571428571428571,0.625,0.6909090909090909,0.7090909090909091,0.7371428571428571,0.08284111109813992,182
28,0.0043618202209472655,0.00013072283492880453,0.004896926879882813,0.00010793274118131842,gini,2,20,50,"{'criterion': 'gini', 'max_depth': 2, 'min_samples_leaf': 20, 'min_samples_split': 50}",0.8035714285714286,0.8571428571428571,0.625,0.6909090909090909,0.7090909090909091,0.7371428571428571,0.08284111109813992,182
29,0.004337453842163086,7.48337547125765e-05,0.004904365539550782,0.00012943767276012697,gini,2,20,100,"{'criterion': 'gini', 'max_depth': 2, 'min_samples_leaf': 20, 'min_samples_split': 100}",0.8035714285714286,0.8571428571428571,0.625,0.6909090909090909,0.7090909090909091,0.7371428571428571,0.08284111109813992,182
30,0.004575300216674805,0.00025839085365615656,0.005116844177246093,0.0003794719298341784,gini,2,25,2,"{'criterion': 'gini', 'max_depth': 2, 'min_samples_leaf': 25, 'min_samples_split': 2}",0.7321428571428571,0.8571428571428571,0.625,0.6909090909090909,0.7090909090909091,0.7228571428571429,0.07603299964431981,294
31,0.004406118392944336,4.5764842172029506e-05,0.00498805046081543,7.202681702535165e-05,gini,2,25,5,"{'criterion': 'gini', 'max_depth': 2, 'min_samples_leaf': 25, 'min_samples_split': 5}",0.7321428571428571,0.8571428571428571,0.625,0.6909090909090909,0.7090909090909091,0.7228571428571429,0.07603299964431981,294
32,0.00442352294921875,0.0002090885320620369,0.004961633682250976,8.430834262228332e-05,gini,2,25,10,"{'criterion': 'gini', 'max_depth': 2, 'min_samples_leaf': 25, 'min_samples_split': 10}",0.7321428571428571,0.8571428571428571,0.625,0.6909090909090909,0.7090909090909091,0.7228571428571429,0.07603299964431981,294
33,0.004400873184204101,8.632235636717301e-05,0.005030536651611328,0.00016218188621290085,gini,2,25,15,"{'criterion': 'gini', 'max_depth': 2, 'min_samples_leaf': 25, 'min_samples_split': 15}",0.7321428571428571,0.8571428571428571,0.625,0.6909090909090909,0.7090909090909091,0.7228571428571429,0.07603299964431981,294
34,0.004435253143310547,7.63994322133034e-05,0.004950428009033203,0.00014534037257060006,gini,2,25,50,"{'criterion': 'gini', 'max_depth': 2, 'min_samples_leaf': 25, 'min_samples_split': 50}",0.7321428571428571,0.8571428571428571,0.625,0.6909090909090909,0.7090909090909091,0.7228571428571429,0.07603299964431981,294
35,0.004407548904418945,0.0001478438664965819,0.004982662200927734,0.00015545376963139193,gini,2,25,100,"{'criterion': 'gini', 'max_depth': 2, 'min_samples_leaf': 25, 'min_samples_split': 100}",0.7321428571428571,0.8571428571428571,0.625,0.6909090909090909,0.7090909090909091,0.7228571428571429,0.07603299964431981,294
36,0.004742240905761719,0.00018089360448571217,0.005246353149414062,0.0004336562339535698,gini,3,2,2,"{'criterion': 'gini', 'max_depth': 3, 'min_samples_leaf': 2, 'min_samples_split': 2}",0.7142857142857143,0.8571428571428571,0.6071428571428571,0.7636363636363637,0.7818181818181819,0.7448051948051948,0.08273654864508259,124
37,0.004493236541748047,6.556207476442902e-05,0.004890727996826172,0.0001300686784092866,gini,3,2,5,"{'criterion': 'gini', 'max_depth': 3, 'min_samples_leaf': 2, 'min_samples_split': 5}",0.7142857142857143,0.8571428571428571,0.6071428571428571,0.7636363636363637,0.7818181818181819,0.7448051948051948,0.08273654864508259,124
38,0.004501962661743164,0.00011253160943733051,0.004836225509643554,6.510470605542337e-05,gini,3,2,10,"{'criterion': 'gini', 'max_depth': 3, 'min_samples_leaf': 2, 'min_samples_split': 10}",0.7142857142857143,0.8571428571428571,0.6071428571428571,0.7636363636363637,0.7818181818181819,0.7448051948051948,0.08273654864508259,124
39,0.004656600952148438,0.0002987014453762836,0.004886341094970703,9.75538672631231e-05,gini,3,2,15,"{'criterion': 'gini', 'max_depth': 3, 'min_samples_leaf': 2, 'min_samples_split': 15}",0.7142857142857143,0.8571428571428571,0.6071428571428571,0.7636363636363637,0.7818181818181819,0.7448051948051948,0.08273654864508259,124
40,0.004619216918945313,0.00024144985577653403,0.005092716217041016,0.00018546603182333345,gini,3,2,50,"{'criterion': 'gini', 'max_depth': 3, 'min_samples_leaf': 2, 'min_samples_split': 50}",0.7142857142857143,0.8571428571428571,0.6071428571428571,0.7636363636363637,0.7818181818181819,0.7448051948051948,0.08273654864508259,124
41,0.004798412322998047,0.00033358895070626567,0.005455207824707031,0.00046058153558410983,gini,3,2,100,"{'criterion': 'gini', 'max_depth': 3, 'min_samples_leaf': 2, 'min_samples_split': 100}",0.7678571428571429,0.875,0.6071428571428571,0.7636363636363637,0.7818181818181819,0.759090909090909,0.08618255598816817,46
42,0.004873228073120117,0.00014431800953654419,0.0051056861877441405,0.00021699639962775798,gini,3,5,2,"{'criterion': 'gini', 'max_depth': 3, 'min_samples_leaf': 5, 'min_samples_split': 2}",0.7142857142857143,0.8571428571428571,0.6071428571428571,0.7636363636363637,0.7818181818181819,0.7448051948051948,0.08273654864508259,124
43,0.004826927185058593,0.0003710688921679287,0.005362272262573242,0.00022664226131757063,gini,3,5,5,"{'criterion': 'gini', 'max_depth': 3, 'min_samples_leaf': 5, 'min_samples_split': 5}",0.7142857142857143,0.8571428571428571,0.6071428571428571,0.7636363636363637,0.7818181818181819,0.7448051948051948,0.08273654864508259,124
44,0.004966306686401367,0.00015887512864737913,0.005265045166015625,0.0002443525672154212,gini,3,5,10,"{'criterion': 'gini', 'max_depth': 3, 'min_samples_leaf': 5, 'min_samples_split': 10}",0.7142857142857143,0.8571428571428571,0.6071428571428571,0.7636363636363637,0.7818181818181819,0.7448051948051948,0.08273654864508259,124
45,0.004702377319335938,0.0002505751545223717,0.005303335189819336,0.00019641057412466366,gini,3,5,15,"{'criterion': 'gini', 'max_depth': 3, 'min_samples_leaf': 5, 'min_samples_split': 15}",0.7142857142857143,0.8571428571428571,0.6071428571428571,0.7636363636363637,0.7818181818181819,0.7448051948051948,0.08273654864508259,124
46,0.004650402069091797,0.00023727027929740845,0.005284833908081055,0.0003440362549576455,gini,3,5,50,"{'criterion': 'gini', 'max_depth': 3, 'min_samples_leaf': 5, 'min_samples_split': 50}",0.7142857142857143,0.8571428571428571,0.6071428571428571,0.7636363636363637,0.7818181818181819,0.7448051948051948,0.08273654864508259,124
47,0.004533529281616211,7.415622716557449e-05,0.004882621765136719,0.0001148696062514854,gini,3,5,100,"{'criterion': 'gini', 'max_depth': 3, 'min_samples_leaf': 5, 'min_samples_split': 100}",0.7678571428571429,0.875,0.6071428571428571,0.7636363636363637,0.7818181818181819,0.759090909090909,0.08618255598816817,46
48,0.004594230651855468,0.00013875556559739017,0.004978990554809571,0.00020339710184982005,gini,3,10,2,"{'criterion': 'gini', 'max_depth': 3, 'min_samples_leaf': 10, 'min_samples_split': 2}",0.7142857142857143,0.8392857142857143,0.6071428571428571,0.7636363636363637,0.7818181818181819,0.7412337662337662,0.07806372407221514,143
49,0.004688882827758789,0.000267404930004123,0.005169296264648437,0.00024541871423731286,gini,3,10,5,"{'criterion': 'gini', 'max_depth': 3, 'min_samples_leaf': 10, 'min_samples_split': 5}",0.7142857142857143,0.8392857142857143,0.6071428571428571,0.7636363636363637,0.7818181818181819,0.7412337662337662,0.07806372407221514,143
50,0.004613542556762695,0.00013692008474624999,0.0050108909606933595,8.877068766765512e-05,gini,3,10,10,"{'criterion': 'gini', 'max_depth': 3, 'min_samples_leaf': 10, 'min_samples_split': 10}",0.7142857142857143,0.8392857142857143,0.6071428571428571,0.7636363636363637,0.7818181818181819,0.7412337662337662,0.07806372407221514,143
51,0.004684543609619141,0.0002053329459538361,0.005147504806518555,0.00028296600960030325,gini,3,10,15,"{'criterion': 'gini', 'max_depth': 3, 'min_samples_leaf': 10, 'min_samples_split': 15}",0.7142857142857143,0.8392857142857143,0.6071428571428571,0.7636363636363637,0.7818181818181819,0.7412337662337662,0.07806372407221514,143
52,0.0053923606872558595,0.0005289462069041998,0.005807352066040039,0.0004667039246392605,gini,3,10,50,"{'criterion': 'gini', 'max_depth': 3, 'min_samples_leaf': 10, 'min_samples_split': 50}",0.7142857142857143,0.8392857142857143,0.6071428571428571,0.7636363636363637,0.7818181818181819,0.7412337662337662,0.07806372407221514,143
53,0.0058726310729980465,0.000826681465353194,0.006805944442749024,0.0004088204303222239,gini,3,10,100,"{'criterion': 'gini', 'max_depth': 3, 'min_samples_leaf': 10, 'min_samples_split': 100}",0.7678571428571429,0.875,0.6071428571428571,0.7636363636363637,0.7818181818181819,0.759090909090909,0.08618255598816817,46
54,0.005480337142944336,0.00046557993830602374,0.00563664436340332,0.00040599015597137986,gini,3,15,2,"{'criterion': 'gini', 'max_depth': 3, 'min_samples_leaf': 15, 'min_samples_split': 2}",0.7142857142857143,0.6785714285714286,0.625,0.7636363636363637,0.7090909090909091,0.6981168831168831,0.04561308159969842,337
55,0.004774808883666992,9.080800006165241e-05,0.005191516876220703,0.0002268712025143261,gini,3,15,5,"{'criterion': 'gini', 'max_depth': 3, 'min_samples_leaf': 15, 'min_samples_split': 5}",0.7142857142857143,0.6785714285714286,0.625,0.7636363636363637,0.7090909090909091,0.6981168831168831,0.04561308159969842,337
56,0.0049685478210449215,0.00019504846620563716,0.005305337905883789,8.971921437308402e-05,gini,3,15,10,"{'criterion': 'gini', 'max_depth': 3, 'min_samples_leaf': 15, 'min_samples_split': 10}",0.7142857142857143,0.6785714285714286,0.625,0.7636363636363637,0.7090909090909091,0.6981168831168831,0.04561308159969842,337
57,0.0051056861877441405,0.0001767939854426368,0.005341148376464844,0.00019748046117406144,gini,3,15,15,"{'criterion': 'gini', 'max_depth': 3, 'min_samples_leaf': 15, 'min_samples_split': 15}",0.7142857142857143,0.6785714285714286,0.625,0.7636363636363637,0.7090909090909091,0.6981168831168831,0.04561308159969842,337
58,0.0050333976745605465,0.0003559235844617921,0.005399847030639648,0.00022295340139622108,gini,3,15,50,"{'criterion': 'gini', 'max_depth': 3, 'min_samples_leaf': 15, 'min_samples_split': 50}",0.7142857142857143,0.6785714285714286,0.625,0.7636363636363637,0.7090909090909091,0.6981168831168831,0.04561308159969842,337
59,0.004999828338623047,9.740213397465106e-05,0.005343198776245117,0.00017932811561198646,gini,3,15,100,"{'criterion': 'gini', 'max_depth': 3, 'min_samples_leaf': 15, 'min_samples_split': 100}",0.7678571428571429,0.875,0.625,0.7636363636363637,0.7090909090909091,0.7481168831168831,0.08174429770604726,102
60,0.004915857315063476,0.00026911810543605046,0.005382728576660156,0.00021239814012508608,gini,3,20,2,"{'criterion': 'gini', 'max_depth': 3, 'min_samples_leaf': 20, 'min_samples_split': 2}",0.75,0.6785714285714286,0.625,0.6909090909090909,0.8363636363636363,0.7161688311688312,0.0720481979192426,315
61,0.004938650131225586,0.0002573861858119472,0.005328178405761719,0.00021197355951445328,gini,3,20,5,"{'criterion': 'gini', 'max_depth': 3, 'min_samples_leaf': 20, 'min_samples_split': 5}",0.75,0.6785714285714286,0.625,0.6909090909090909,0.8363636363636363,0.7161688311688312,0.0720481979192426,315
62,0.004788541793823242,0.0001907834110464501,0.005132484436035156,7.632156706521072e-05,gini,3,20,10,"{'criterion': 'gini', 'max_depth': 3, 'min_samples_leaf': 20, 'min_samples_split': 10}",0.75,0.6785714285714286,0.625,0.6909090909090909,0.8363636363636363,0.7161688311688312,0.0720481979192426,315
63,0.00478215217590332,0.0002792582232592628,0.004991054534912109,0.00013316508986938093,gini,3,20,15,"{'criterion': 'gini', 'max_depth': 3, 'min_samples_leaf': 20, 'min_samples_split': 15}",0.75,0.6785714285714286,0.625,0.6909090909090909,0.8363636363636363,0.7161688311688312,0.0720481979192426,315
64,0.006166410446166992,0.0007990467467262963,0.0062882423400878905,0.0006674708970997938,gini,3,20,50,"{'criterion': 'gini', 'max_depth': 3, 'min_samples_leaf': 20, 'min_samples_split': 50}",0.75,0.6785714285714286,0.625,0.6909090909090909,0.8363636363636363,0.7161688311688312,0.0720481979192426,315
65,0.0058880805969238285,0.0005755086041843743,0.00610966682434082,0.0007728035757025577,gini,3,20,100,"{'criterion': 'gini', 'max_depth': 3, 'min_samples_leaf': 20, 'min_samples_split': 100}",0.8035714285714286,0.875,0.625,0.6909090909090909,0.8363636363636363,0.7661688311688313,0.09355549762092373,33
66,0.004859161376953125,0.0002303168590569733,0.005224943161010742,0.0002720802071628533,gini,3,25,2,"{'criterion': 'gini', 'max_depth': 3, 'min_samples_leaf': 25, 'min_samples_split': 2}",0.6785714285714286,0.6785714285714286,0.5892857142857143,0.6181818181818182,0.8363636363636363,0.6801948051948052,0.08544477503060299,351
67,0.004814529418945312,0.00016591525451242298,0.005283164978027344,0.00020515701369265126,gini,3,25,5,"{'criterion': 'gini', 'max_depth': 3, 'min_samples_leaf': 25, 'min_samples_split': 5}",0.6785714285714286,0.6785714285714286,0.5892857142857143,0.6181818181818182,0.8363636363636363,0.6801948051948052,0.08544477503060299,351
68,0.00468149185180664,0.00025006054366840687,0.005280828475952149,0.00021008817478937689,gini,3,25,10,"{'criterion': 'gini', 'max_depth': 3, 'min_samples_leaf': 25, 'min_samples_split': 10}",0.6785714285714286,0.6785714285714286,0.5892857142857143,0.6181818181818182,0.8363636363636363,0.6801948051948052,0.08544477503060299,351
69,0.00490875244140625,0.00012191667798014382,0.005243873596191407,0.0002961174339830834,gini,3,25,15,"{'criterion': 'gini', 'max_depth': 3, 'min_samples_leaf': 25, 'min_samples_split': 15}",0.6785714285714286,0.6785714285714286,0.5892857142857143,0.6181818181818182,0.8363636363636363,0.6801948051948052,0.08544477503060299,351
70,0.004818964004516602,0.00018811841720151122,0.005561351776123047,0.00012472742124806991,gini,3,25,50,"{'criterion': 'gini', 'max_depth': 3, 'min_samples_leaf': 25, 'min_samples_split': 50}",0.6785714285714286,0.6785714285714286,0.5892857142857143,0.6181818181818182,0.8363636363636363,0.6801948051948052,0.08544477503060299,351
71,0.004843330383300782,0.00011602689572347304,0.0051196575164794925,0.00016793339559181041,gini,3,25,100,"{'criterion': 'gini', 'max_depth': 3, 'min_samples_leaf': 25, 'min_samples_split': 100}",0.7321428571428571,0.875,0.5892857142857143,0.6181818181818182,0.8363636363636363,0.7301948051948053,0.11370702812149876,215
72,0.005077552795410156,0.0002136164157553497,0.005453681945800782,0.00022868806862431264,gini,4,2,2,"{'criterion': 'gini', 'max_depth': 4, 'min_samples_leaf': 2, 'min_samples_split': 2}",0.8392857142857143,0.8392857142857143,0.6071428571428571,0.7454545454545455,0.8,0.7662337662337663,0.0866660558035134,25
73,0.00511479377746582,0.00015146062619381923,0.0053331851959228516,0.00022101579745669668,gini,4,2,5,"{'criterion': 'gini', 'max_depth': 4, 'min_samples_leaf': 2, 'min_samples_split': 5}",0.8392857142857143,0.8392857142857143,0.6071428571428571,0.7454545454545455,0.8,0.7662337662337663,0.0866660558035134,25
74,0.0051249504089355465,0.00022825874512041354,0.005377674102783203,0.0002676521671776315,gini,4,2,10,"{'criterion': 'gini', 'max_depth': 4, 'min_samples_leaf': 2, 'min_samples_split': 10}",0.8392857142857143,0.8392857142857143,0.6071428571428571,0.7454545454545455,0.8,0.7662337662337663,0.0866660558035134,25
75,0.004922151565551758,0.0002616704459999498,0.005392980575561523,0.0002528865936980378,gini,4,2,15,"{'criterion': 'gini', 'max_depth': 4, 'min_samples_leaf': 2, 'min_samples_split': 15}",0.8392857142857143,0.8392857142857143,0.6071428571428571,0.7454545454545455,0.8,0.7662337662337663,0.0866660558035134,25
76,0.005023956298828125,0.0004456139553778438,0.005421352386474609,0.00020300584740887416,gini,4,2,50,"{'criterion': 'gini', 'max_depth': 4, 'min_samples_leaf': 2, 'min_samples_split': 50}",0.8392857142857143,0.8392857142857143,0.6071428571428571,0.7636363636363637,0.8,0.7698701298701298,0.08609748071142449,21
77,0.004881095886230469,0.00016206581787907946,0.005228424072265625,0.0003039327503984103,gini,4,2,100,"{'criterion': 'gini', 'max_depth': 4, 'min_samples_leaf': 2, 'min_samples_split': 100}",0.7678571428571429,0.875,0.6071428571428571,0.7636363636363637,0.7818181818181819,0.759090909090909,0.08618255598816817,46
78,0.004886722564697266,0.0001829714706980766,0.005110979080200195,0.0002054018331813354,gini,4,5,2,"{'criterion': 'gini', 'max_depth': 4, 'min_samples_leaf': 5, 'min_samples_split': 2}",0.8392857142857143,0.8392857142857143,0.6071428571428571,0.7454545454545455,0.8,0.7662337662337663,0.0866660558035134,25
79,0.004860877990722656,0.00024215662299095263,0.005776548385620117,0.0002813151159303992,gini,4,5,5,"{'criterion': 'gini', 'max_depth': 4, 'min_samples_leaf': 5, 'min_samples_split': 5}",0.8392857142857143,0.8392857142857143,0.6071428571428571,0.7454545454545455,0.8,0.7662337662337663,0.0866660558035134,25
80,0.00509190559387207,0.0003228935129783776,0.005383777618408203,0.00017750729317114386,gini,4,5,10,"{'criterion': 'gini', 'max_depth': 4, 'min_samples_leaf': 5, 'min_samples_split': 10}",0.8392857142857143,0.8392857142857143,0.6071428571428571,0.7454545454545455,0.8,0.7662337662337663,0.0866660558035134,25
81,0.005041599273681641,0.00013583215126782884,0.0052359580993652345,0.00020877896639370615,gini,4,5,15,"{'criterion': 'gini', 'max_depth': 4, 'min_samples_leaf': 5, 'min_samples_split': 15}",0.8392857142857143,0.8392857142857143,0.6071428571428571,0.7454545454545455,0.8,0.7662337662337663,0.0866660558035134,25
82,0.004989814758300781,0.0003633634121708165,0.0054072380065917965,0.00021525818378956234,gini,4,5,50,"{'criterion': 'gini', 'max_depth': 4, 'min_samples_leaf': 5, 'min_samples_split': 50}",0.8392857142857143,0.8392857142857143,0.6071428571428571,0.7636363636363637,0.8,0.7698701298701298,0.08609748071142449,21
83,0.004657554626464844,8.713896063821763e-05,0.0051117420196533205,0.00039039603126730666,gini,4,5,100,"{'criterion': 'gini', 'max_depth': 4, 'min_samples_leaf': 5, 'min_samples_split': 100}",0.7678571428571429,0.875,0.6071428571428571,0.7636363636363637,0.7818181818181819,0.759090909090909,0.08618255598816817,46
84,0.004716730117797852,5.10328494300221e-05,0.004918432235717774,4.506113667966752e-05,gini,4,10,2,"{'criterion': 'gini', 'max_depth': 4, 'min_samples_leaf': 10, 'min_samples_split': 2}",0.8392857142857143,0.8392857142857143,0.6071428571428571,0.6909090909090909,0.8181818181818182,0.758961038961039,0.0939053093150636,67
85,0.0048560619354248045,0.0003157284407319166,0.004947471618652344,0.00011017037476511016,gini,4,10,5,"{'criterion': 'gini', 'max_depth': 4, 'min_samples_leaf': 10, 'min_samples_split': 5}",0.8392857142857143,0.8392857142857143,0.6071428571428571,0.6909090909090909,0.8181818181818182,0.758961038961039,0.0939053093150636,67
86,0.004636573791503906,9.635785317782326e-05,0.004886531829833984,8.661069365734185e-05,gini,4,10,10,"{'criterion': 'gini', 'max_depth': 4, 'min_samples_leaf': 10, 'min_samples_split': 10}",0.8392857142857143,0.8392857142857143,0.6071428571428571,0.6909090909090909,0.8181818181818182,0.758961038961039,0.0939053093150636,67
87,0.004856300354003906,0.00014386204721729572,0.004978799819946289,0.00011151095648931829,gini,4,10,15,"{'criterion': 'gini', 'max_depth': 4, 'min_samples_leaf': 10, 'min_samples_split': 15}",0.8392857142857143,0.8392857142857143,0.6071428571428571,0.6909090909090909,0.8181818181818182,0.758961038961039,0.0939053093150636,67
88,0.0048029422760009766,0.00016523546259448294,0.005017375946044922,0.00022561169065514185,gini,4,10,50,"{'criterion': 'gini', 'max_depth': 4, 'min_samples_leaf': 10, 'min_samples_split': 50}",0.8392857142857143,0.8392857142857143,0.6071428571428571,0.7636363636363637,0.8181818181818182,0.7735064935064935,0.08766296296073285,15
89,0.004645299911499023,0.00010908377211462484,0.004966592788696289,0.00010542486754066337,gini,4,10,100,"{'criterion': 'gini', 'max_depth': 4, 'min_samples_leaf': 10, 'min_samples_split': 100}",0.7678571428571429,0.875,0.6071428571428571,0.7636363636363637,0.7818181818181819,0.759090909090909,0.08618255598816817,46
90,0.004765701293945312,0.00012413641961767815,0.005072689056396485,9.540814484352173e-05,gini,4,15,2,"{'criterion': 'gini', 'max_depth': 4, 'min_samples_leaf': 15, 'min_samples_split': 2}",0.8392857142857143,0.8392857142857143,0.625,0.7636363636363637,0.7454545454545455,0.7625324675324676,0.07872760050834343,39
91,0.004726266860961914,0.00018369718152924482,0.005034446716308594,6.045065342592248e-05,gini,4,15,5,"{'criterion': 'gini', 'max_depth': 4, 'min_samples_leaf': 15, 'min_samples_split': 5}",0.8392857142857143,0.8392857142857143,0.625,0.7636363636363637,0.7454545454545455,0.7625324675324676,0.07872760050834343,39
92,0.004650735855102539,9.738779982154556e-05,0.004999828338623047,0.00014035743668281247,gini,4,15,10,"{'criterion': 'gini', 'max_depth': 4, 'min_samples_leaf': 15, 'min_samples_split': 10}",0.8392857142857143,0.8392857142857143,0.625,0.7636363636363637,0.7454545454545455,0.7625324675324676,0.07872760050834343,39
93,0.004805421829223633,0.00012217639992200279,0.005248117446899414,0.0003997368700275422,gini,4,15,15,"{'criterion': 'gini', 'max_depth': 4, 'min_samples_leaf': 15, 'min_samples_split': 15}",0.8392857142857143,0.8392857142857143,0.625,0.7636363636363637,0.7454545454545455,0.7625324675324676,0.07872760050834343,39
94,0.0048943042755126955,0.00036472558251284557,0.005387258529663086,0.0007228362417925048,gini,4,15,50,"{'criterion': 'gini', 'max_depth': 4, 'min_samples_leaf': 15, 'min_samples_split': 50}",0.8392857142857143,0.8392857142857143,0.625,0.7636363636363637,0.7454545454545455,0.7625324675324676,0.07872760050834343,39
95,0.004603672027587891,0.00014633241298788312,0.00506124496459961,0.00026163971009006214,gini,4,15,100,"{'criterion': 'gini', 'max_depth': 4, 'min_samples_leaf': 15, 'min_samples_split': 100}",0.7678571428571429,0.875,0.625,0.7636363636363637,0.7090909090909091,0.7481168831168831,0.08174429770604726,102
96,0.004735422134399414,0.00016478269695043376,0.00499272346496582,0.00015710897956121536,gini,4,20,2,"{'criterion': 'gini', 'max_depth': 4, 'min_samples_leaf': 20, 'min_samples_split': 2}",0.75,0.8392857142857143,0.625,0.7272727272727273,0.7818181818181819,0.7446753246753247,0.07068819358107674,134
97,0.00469675064086914,0.00010210781633251437,0.005047845840454102,3.6069634437649175e-05,gini,4,20,5,"{'criterion': 'gini', 'max_depth': 4, 'min_samples_leaf': 20, 'min_samples_split': 5}",0.75,0.8392857142857143,0.625,0.7272727272727273,0.7818181818181819,0.7446753246753247,0.07068819358107674,134
98,0.004780244827270508,0.0001410141716927856,0.00499258041381836,9.345723653857236e-05,gini,4,20,10,"{'criterion': 'gini', 'max_depth': 4, 'min_samples_leaf': 20, 'min_samples_split': 10}",0.75,0.8392857142857143,0.625,0.7272727272727273,0.7818181818181819,0.7446753246753247,0.07068819358107674,134
99,0.004644346237182617,4.4020205662223094e-05,0.00503687858581543,8.683588259339314e-05,gini,4,20,15,"{'criterion': 'gini', 'max_depth': 4, 'min_samples_leaf': 20, 'min_samples_split': 15}",0.75,0.8392857142857143,0.625,0.7272727272727273,0.7818181818181819,0.7446753246753247,0.07068819358107674,134
100,0.004630756378173828,7.810767315039953e-05,0.005100440979003906,0.0002428106781642288,gini,4,20,50,"{'criterion': 'gini', 'max_depth': 4, 'min_samples_leaf': 20, 'min_samples_split': 50}",0.75,0.8392857142857143,0.625,0.7272727272727273,0.7818181818181819,0.7446753246753247,0.07068819358107674,134
101,0.004692983627319336,8.23930456603312e-05,0.005016136169433594,9.132650358770807e-05,gini,4,20,100,"{'criterion': 'gini', 'max_depth': 4, 'min_samples_leaf': 20, 'min_samples_split': 100}",0.8035714285714286,0.875,0.625,0.6909090909090909,0.8363636363636363,0.7661688311688313,0.09355549762092373,33
102,0.004808187484741211,7.959339220417029e-05,0.0050466060638427734,0.000142991927922769,gini,4,25,2,"{'criterion': 'gini', 'max_depth': 4, 'min_samples_leaf': 25, 'min_samples_split': 2}",0.8035714285714286,0.7678571428571429,0.5892857142857143,0.7272727272727273,0.7454545454545455,0.7266883116883117,0.07326373340991468,279
103,0.004816532135009766,0.00015410569908709377,0.005085372924804687,0.0001073977230905753,gini,4,25,5,"{'criterion': 'gini', 'max_depth': 4, 'min_samples_leaf': 25, 'min_samples_split': 5}",0.8035714285714286,0.7678571428571429,0.5892857142857143,0.7272727272727273,0.7454545454545455,0.7266883116883117,0.07326373340991468,279
104,0.004837608337402344,0.00027404286576782305,0.004974365234375,0.0001744588751950381,gini,4,25,10,"{'criterion': 'gini', 'max_depth': 4, 'min_samples_leaf': 25, 'min_samples_split': 10}",0.8035714285714286,0.7678571428571429,0.5892857142857143,0.7272727272727273,0.7454545454545455,0.7266883116883117,0.07326373340991468,279
105,0.004643774032592774,6.662433890421204e-05,0.004941320419311524,0.00014046659585500377,gini,4,25,15,"{'criterion': 'gini', 'max_depth': 4, 'min_samples_leaf': 25, 'min_samples_split': 15}",0.8035714285714286,0.7678571428571429,0.5892857142857143,0.7272727272727273,0.7454545454545455,0.7266883116883117,0.07326373340991468,279
106,0.004633283615112305,0.00013824664663374963,0.005002832412719727,7.673843365675597e-05,gini,4,25,50,"{'criterion': 'gini', 'max_depth': 4, 'min_samples_leaf': 25, 'min_samples_split': 50}",0.8035714285714286,0.7678571428571429,0.5892857142857143,0.7272727272727273,0.7454545454545455,0.7266883116883117,0.07326373340991468,279
107,0.004813146591186523,0.00027861764490467246,0.005423688888549804,0.00016280442657367675,gini,4,25,100,"{'criterion': 'gini', 'max_depth': 4, 'min_samples_leaf': 25, 'min_samples_split': 100}",0.7321428571428571,0.875,0.5892857142857143,0.6181818181818182,0.8363636363636363,0.7301948051948053,0.11370702812149876,215
108,0.00522909164428711,0.0002387294935467499,0.005337762832641602,0.00031969342350934225,gini,5,2,2,"{'criterion': 'gini', 'max_depth': 5, 'min_samples_leaf': 2, 'min_samples_split': 2}",0.8392857142857143,0.8214285714285714,0.5892857142857143,0.7454545454545455,0.7090909090909091,0.740909090909091,0.08964826039586823,172
109,0.005285406112670898,0.00031152978395201556,0.005430793762207032,0.00028935728976524057,gini,5,2,5,"{'criterion': 'gini', 'max_depth': 5, 'min_samples_leaf': 2, 'min_samples_split': 5}",0.8392857142857143,0.8214285714285714,0.5892857142857143,0.7454545454545455,0.7090909090909091,0.740909090909091,0.08964826039586823,172
110,0.005088996887207031,0.0001825312710995022,0.005400991439819336,0.00029829694003905943,gini,5,2,10,"{'criterion': 'gini', 'max_depth': 5, 'min_samples_leaf': 2, 'min_samples_split': 10}",0.8392857142857143,0.8214285714285714,0.5892857142857143,0.7454545454545455,0.7090909090909091,0.740909090909091,0.08964826039586823,172
111,0.005089235305786133,0.0001546239169860561,0.005367803573608399,0.00023445896386890396,gini,5,2,15,"{'criterion': 'gini', 'max_depth': 5, 'min_samples_leaf': 2, 'min_samples_split': 15}",0.8392857142857143,0.8214285714285714,0.5892857142857143,0.7454545454545455,0.7090909090909091,0.740909090909091,0.08964826039586823,172
112,0.005114173889160157,0.00031936542359999785,0.005371809005737305,0.00024609375867756095,gini,5,2,50,"{'criterion': 'gini', 'max_depth': 5, 'min_samples_leaf': 2, 'min_samples_split': 50}",0.8392857142857143,0.8392857142857143,0.5892857142857143,0.7636363636363637,0.7090909090909091,0.7481168831168831,0.09339671586295471,102
113,0.004917240142822266,0.00022809098624764675,0.005217123031616211,0.0003087971959942628,gini,5,2,100,"{'criterion': 'gini', 'max_depth': 5, 'min_samples_leaf': 2, 'min_samples_split': 100}",0.7678571428571429,0.875,0.6071428571428571,0.7636363636363637,0.7818181818181819,0.759090909090909,0.08618255598816817,46
114,0.005126094818115235,0.00037208360287621027,0.005401611328125,0.0002705709082910931,gini,5,5,2,"{'criterion': 'gini', 'max_depth': 5, 'min_samples_leaf': 5, 'min_samples_split': 2}",0.8392857142857143,0.6964285714285714,0.5892857142857143,0.8909090909090909,0.8363636363636363,0.7704545454545454,0.1112591801204408,17
115,0.005224084854125977,0.00020624839299169812,0.0052510261535644535,0.00018465272527470164,gini,5,5,5,"{'criterion': 'gini', 'max_depth': 5, 'min_samples_leaf': 5, 'min_samples_split': 5}",0.8392857142857143,0.6964285714285714,0.5892857142857143,0.8909090909090909,0.8363636363636363,0.7704545454545454,0.1112591801204408,17
116,0.0051476478576660155,0.0002437786029615516,0.0055996417999267575,0.00038416981581485405,gini,5,5,10,"{'criterion': 'gini', 'max_depth': 5, 'min_samples_leaf': 5, 'min_samples_split': 10}",0.8392857142857143,0.6964285714285714,0.5892857142857143,0.8909090909090909,0.8363636363636363,0.7704545454545454,0.1112591801204408,17
117,0.005187177658081054,0.0003412367643747349,0.005346250534057617,0.0001581298280419232,gini,5,5,15,"{'criterion': 'gini', 'max_depth': 5, 'min_samples_leaf': 5, 'min_samples_split': 15}",0.8392857142857143,0.6964285714285714,0.5892857142857143,0.8909090909090909,0.8363636363636363,0.7704545454545454,0.1112591801204408,17
118,0.005096292495727539,0.00026901302355166086,0.005383825302124024,0.00022213993191987945,gini,5,5,50,"{'criterion': 'gini', 'max_depth': 5, 'min_samples_leaf': 5, 'min_samples_split': 50}",0.8392857142857143,0.8392857142857143,0.5892857142857143,0.9090909090909091,0.8363636363636363,0.8026623376623376,0.1101589262698992,3
119,0.004916858673095703,0.0001970049357650864,0.005151796340942383,0.00021278525731884966,gini,5,5,100,"{'criterion': 'gini', 'max_depth': 5, 'min_samples_leaf': 5, 'min_samples_split': 100}",0.7678571428571429,0.875,0.6071428571428571,0.7636363636363637,0.7818181818181819,0.759090909090909,0.08618255598816817,46
120,0.004888677597045898,0.00013029531503238882,0.005025100708007812,7.290517364502086e-05,gini,5,10,2,"{'criterion': 'gini', 'max_depth': 5, 'min_samples_leaf': 10, 'min_samples_split': 2}",0.6785714285714286,0.7678571428571429,0.6964285714285714,0.8363636363636363,0.7454545454545455,0.744935064935065,0.055931900259951414,110
121,0.004893636703491211,0.00010786343207288933,0.005032682418823242,7.572086991931234e-05,gini,5,10,5,"{'criterion': 'gini', 'max_depth': 5, 'min_samples_leaf': 10, 'min_samples_split': 5}",0.6785714285714286,0.7678571428571429,0.6964285714285714,0.8363636363636363,0.7454545454545455,0.744935064935065,0.055931900259951414,110
122,0.004903125762939453,0.00016546410166814028,0.004971742630004883,7.373805250826556e-05,gini,5,10,10,"{'criterion': 'gini', 'max_depth': 5, 'min_samples_leaf': 10, 'min_samples_split': 10}",0.6785714285714286,0.7678571428571429,0.6964285714285714,0.8363636363636363,0.7454545454545455,0.744935064935065,0.055931900259951414,110
123,0.00498805046081543,0.00027409480013748265,0.00514063835144043,0.0002771533934086335,gini,5,10,15,"{'criterion': 'gini', 'max_depth': 5, 'min_samples_leaf': 10, 'min_samples_split': 15}",0.6785714285714286,0.7678571428571429,0.6964285714285714,0.8363636363636363,0.7454545454545455,0.744935064935065,0.055931900259951414,110
124,0.00512852668762207,0.00020799463027374783,0.005245637893676758,0.00011486525147406131,gini,5,10,50,"{'criterion': 'gini', 'max_depth': 5, 'min_samples_leaf': 10, 'min_samples_split': 50}",0.6785714285714286,0.8392857142857143,0.6964285714285714,0.9090909090909091,0.7454545454545455,0.7737662337662339,0.08769297204025048,12
125,0.004991674423217773,0.00022936504735832748,0.005341815948486328,0.00022828926427402815,gini,5,10,100,"{'criterion': 'gini', 'max_depth': 5, 'min_samples_leaf': 10, 'min_samples_split': 100}",0.7678571428571429,0.875,0.6071428571428571,0.7636363636363637,0.7818181818181819,0.759090909090909,0.08618255598816817,46
126,0.005176734924316406,0.0003020549208070913,0.005506706237792969,7.193091297370397e-05,gini,5,15,2,"{'criterion': 'gini', 'max_depth': 5, 'min_samples_leaf': 15, 'min_samples_split': 2}",0.7142857142857143,0.6964285714285714,0.6964285714285714,0.9090909090909091,0.6545454545454545,0.734155844155844,0.08964553235235459,188
127,0.005170154571533203,0.0002931587092650559,0.005622768402099609,0.00020307377737290423,gini,5,15,5,"{'criterion': 'gini', 'max_depth': 5, 'min_samples_leaf': 15, 'min_samples_split': 5}",0.7142857142857143,0.6964285714285714,0.6964285714285714,0.9090909090909091,0.6545454545454545,0.734155844155844,0.08964553235235459,188
128,0.005249977111816406,0.00026212740905512286,0.005472421646118164,0.00026634089381643,gini,5,15,10,"{'criterion': 'gini', 'max_depth': 5, 'min_samples_leaf': 15, 'min_samples_split': 10}",0.7142857142857143,0.6964285714285714,0.6964285714285714,0.9090909090909091,0.6545454545454545,0.734155844155844,0.08964553235235459,188
129,0.005209016799926758,0.0002276686164281771,0.00537872314453125,0.000283123202070654,gini,5,15,15,"{'criterion': 'gini', 'max_depth': 5, 'min_samples_leaf': 15, 'min_samples_split': 15}",0.7142857142857143,0.6964285714285714,0.6964285714285714,0.9090909090909091,0.6545454545454545,0.734155844155844,0.08964553235235459,188
130,0.005064773559570313,0.00034046070916158753,0.005570554733276367,0.00025027395025796706,gini,5,15,50,"{'criterion': 'gini', 'max_depth': 5, 'min_samples_leaf': 15, 'min_samples_split': 50}",0.7142857142857143,0.8392857142857143,0.6964285714285714,0.9090909090909091,0.7818181818181819,0.7881818181818182,0.07893086188559602,4
131,0.005800819396972657,0.001701685290443025,0.007081794738769531,0.0019418298169108985,gini,5,15,100,"{'criterion': 'gini', 'max_depth': 5, 'min_samples_leaf': 15, 'min_samples_split': 100}",0.7678571428571429,0.875,0.625,0.7636363636363637,0.7090909090909091,0.7481168831168831,0.08174429770604726,102
132,0.005648517608642578,0.0015453919003364659,0.005341482162475586,0.00010489305523981263,gini,5,20,2,"{'criterion': 'gini', 'max_depth': 5, 'min_samples_leaf': 20, 'min_samples_split': 2}",0.875,0.8392857142857143,0.6964285714285714,0.8181818181818182,0.6727272727272727,0.7803246753246753,0.08060861216731476,6
133,0.005143547058105468,0.0001739770676117721,0.0053689002990722655,0.00019276960570229368,gini,5,20,5,"{'criterion': 'gini', 'max_depth': 5, 'min_samples_leaf': 20, 'min_samples_split': 5}",0.875,0.8392857142857143,0.6964285714285714,0.8181818181818182,0.6727272727272727,0.7803246753246753,0.08060861216731476,6
134,0.0052567005157470705,0.00030128333893641665,0.005431079864501953,0.00033565246674335624,gini,5,20,10,"{'criterion': 'gini', 'max_depth': 5, 'min_samples_leaf': 20, 'min_samples_split': 10}",0.875,0.8392857142857143,0.6964285714285714,0.8181818181818182,0.6727272727272727,0.7803246753246753,0.08060861216731476,6
135,0.004921245574951172,0.00021823130697822059,0.005091524124145508,0.0001789188458717336,gini,5,20,15,"{'criterion': 'gini', 'max_depth': 5, 'min_samples_leaf': 20, 'min_samples_split': 15}",0.875,0.8392857142857143,0.6964285714285714,0.8181818181818182,0.6727272727272727,0.7803246753246753,0.08060861216731476,6
136,0.0048296451568603516,6.476582665221134e-05,0.005093002319335937,0.00010431324809997495,gini,5,20,50,"{'criterion': 'gini', 'max_depth': 5, 'min_samples_leaf': 20, 'min_samples_split': 50}",0.875,0.8392857142857143,0.7142857142857143,0.8181818181818182,0.7818181818181819,0.8057142857142858,0.05479634630359933,1
137,0.004667854309082032,9.957994860285945e-05,0.005129861831665039,8.178881854257058e-05,gini,5,20,100,"{'criterion': 'gini', 'max_depth': 5, 'min_samples_leaf': 20, 'min_samples_split': 100}",0.8035714285714286,0.875,0.625,0.6909090909090909,0.8363636363636363,0.7661688311688313,0.09355549762092373,33
138,0.004786920547485351,0.00014003363782879178,0.00526881217956543,0.00020584607798661544,gini,5,25,2,"{'criterion': 'gini', 'max_depth': 5, 'min_samples_leaf': 25, 'min_samples_split': 2}",0.8035714285714286,0.7678571428571429,0.6607142857142857,0.7272727272727273,0.7454545454545455,0.740974025974026,0.047519602971344645,152
139,0.004755210876464844,0.00011141373415526196,0.0050470829010009766,8.395774092890908e-05,gini,5,25,5,"{'criterion': 'gini', 'max_depth': 5, 'min_samples_leaf': 25, 'min_samples_split': 5}",0.8035714285714286,0.7678571428571429,0.6607142857142857,0.7272727272727273,0.7454545454545455,0.740974025974026,0.047519602971344645,152
140,0.005019330978393554,0.00041617670259119473,0.005154180526733399,0.00021749323212200293,gini,5,25,10,"{'criterion': 'gini', 'max_depth': 5, 'min_samples_leaf': 25, 'min_samples_split': 10}",0.8035714285714286,0.7678571428571429,0.6607142857142857,0.7272727272727273,0.7454545454545455,0.740974025974026,0.047519602971344645,152
141,0.004770660400390625,9.463633205304395e-05,0.0049746990203857425,0.0001156915044804898,gini,5,25,15,"{'criterion': 'gini', 'max_depth': 5, 'min_samples_leaf': 25, 'min_samples_split': 15}",0.8035714285714286,0.7678571428571429,0.6607142857142857,0.7272727272727273,0.7454545454545455,0.740974025974026,0.047519602971344645,152
142,0.0048065662384033205,0.00014785107921734894,0.005084371566772461,0.0002542090669862549,gini,5,25,50,"{'criterion': 'gini', 'max_depth': 5, 'min_samples_leaf': 25, 'min_samples_split': 50}",0.8035714285714286,0.7678571428571429,0.6607142857142857,0.7272727272727273,0.7454545454545455,0.740974025974026,0.047519602971344645,152
143,0.004633140563964844,4.277083119049174e-05,0.004992246627807617,0.00015164538708211834,gini,5,25,100,"{'criterion': 'gini', 'max_depth': 5, 'min_samples_leaf': 25, 'min_samples_split': 100}",0.7321428571428571,0.875,0.5892857142857143,0.6181818181818182,0.8363636363636363,0.7301948051948053,0.11370702812149876,215
144,0.005456161499023437,0.00011319529623545285,0.005295085906982422,0.0007023387159344,gini,10,2,2,"{'criterion': 'gini', 'max_depth': 10, 'min_samples_leaf': 2, 'min_samples_split': 2}",0.7678571428571429,0.7321428571428571,0.6964285714285714,0.7272727272727273,0.7636363636363637,0.7374675324675325,0.026171811889151686,181
145,0.0054046630859375,0.00011670811303263687,0.005346775054931641,0.00020886801106627067,gini,10,2,5,"{'criterion': 'gini', 'max_depth': 10, 'min_samples_leaf': 2, 'min_samples_split': 5}",0.7678571428571429,0.7321428571428571,0.6785714285714286,0.7272727272727273,0.7636363636363637,0.733896103896104,0.032079893729826864,192
146,0.005233573913574219,8.012218020357104e-05,0.005022716522216797,0.00014987314271144725,gini,10,2,10,"{'criterion': 'gini', 'max_depth': 10, 'min_samples_leaf': 2, 'min_samples_split': 10}",0.7678571428571429,0.7142857142857143,0.6785714285714286,0.7636363636363637,0.7636363636363637,0.7375974025974026,0.035494245410264115,180
147,0.005225419998168945,7.614433998466192e-05,0.004993247985839844,0.0001462750659326759,gini,10,2,15,"{'criterion': 'gini', 'max_depth': 10, 'min_samples_leaf': 2, 'min_samples_split': 15}",0.7142857142857143,0.7142857142857143,0.6785714285714286,0.7272727272727273,0.7636363636363637,0.7196103896103896,0.02734190361028724,312
148,0.0049587726593017575,0.00011945123914726699,0.0049536705017089845,9.396213832003096e-05,gini,10,2,50,"{'criterion': 'gini', 'max_depth': 10, 'min_samples_leaf': 2, 'min_samples_split': 50}",0.8035714285714286,0.8392857142857143,0.6785714285714286,0.7818181818181819,0.7818181818181819,0.7770129870129869,0.0535166583460349,10
149,0.004709482192993164,0.00011205794962769496,0.005067300796508789,4.4227616795590495e-05,gini,10,2,100,"{'criterion': 'gini', 'max_depth': 10, 'min_samples_leaf': 2, 'min_samples_split': 100}",0.7678571428571429,0.875,0.6071428571428571,0.7636363636363637,0.7818181818181819,0.759090909090909,0.08618255598816817,46
150,0.005340480804443359,0.00017655790674632685,0.005381345748901367,0.0003015591477547652,gini,10,5,2,"{'criterion': 'gini', 'max_depth': 10, 'min_samples_leaf': 5, 'min_samples_split': 2}",0.6607142857142857,0.7857142857142857,0.6964285714285714,0.7454545454545455,0.7454545454545455,0.7267532467532468,0.043489335635872706,276
151,0.005381917953491211,0.0003935247423941422,0.005084991455078125,0.00033692744709419787,gini,10,5,5,"{'criterion': 'gini', 'max_depth': 10, 'min_samples_leaf': 5, 'min_samples_split': 5}",0.6607142857142857,0.7857142857142857,0.6964285714285714,0.7454545454545455,0.7454545454545455,0.7267532467532468,0.043489335635872706,276
152,0.005138492584228516,8.621205270811394e-05,0.005017375946044922,0.0002640014686068323,gini,10,5,10,"{'criterion': 'gini', 'max_depth': 10, 'min_samples_leaf': 5, 'min_samples_split': 10}",0.6607142857142857,0.7857142857142857,0.6964285714285714,0.7454545454545455,0.7454545454545455,0.7267532467532468,0.043489335635872706,276
153,0.005492067337036133,0.0006152132724946706,0.005485010147094726,0.000666369861192353,gini,10,5,15,"{'criterion': 'gini', 'max_depth': 10, 'min_samples_leaf': 5, 'min_samples_split': 15}",0.6964285714285714,0.7678571428571429,0.6785714285714286,0.8181818181818182,0.7454545454545455,0.7412987012987015,0.05016308367452666,142
154,0.0054337501525878905,0.00040006894462042583,0.005173873901367187,0.00017800679191948713,gini,10,5,50,"{'criterion': 'gini', 'max_depth': 10, 'min_samples_leaf': 5, 'min_samples_split': 50}",0.8214285714285714,0.8392857142857143,0.6785714285714286,0.8181818181818182,0.7818181818181819,0.7878571428571429,0.05774315735466158,5
155,0.004713726043701172,0.00010355607719275395,0.004987859725952148,0.00010041001784776872,gini,10,5,100,"{'criterion': 'gini', 'max_depth': 10, 'min_samples_leaf': 5, 'min_samples_split': 100}",0.7678571428571429,0.875,0.6071428571428571,0.7636363636363637,0.7818181818181819,0.759090909090909,0.08618255598816817,46
156,0.004980611801147461,0.00011987219553313,0.0050618648529052734,9.116086441638338e-05,gini,10,10,2,"{'criterion': 'gini', 'max_depth': 10, 'min_samples_leaf': 10, 'min_samples_split': 2}",0.625,0.6428571428571429,0.6785714285714286,0.7090909090909091,0.7636363636363637,0.6838311688311689,0.04934483902911472,342
157,0.005162334442138672,0.0001697732882342779,0.0050599098205566405,9.692252180608847e-05,gini,10,10,5,"{'criterion': 'gini', 'max_depth': 10, 'min_samples_leaf': 10, 'min_samples_split': 5}",0.625,0.6428571428571429,0.6785714285714286,0.7090909090909091,0.7636363636363637,0.6838311688311689,0.04934483902911472,342
158,0.005039310455322266,0.00012079120077021378,0.005161476135253906,0.00018271373279935032,gini,10,10,10,"{'criterion': 'gini', 'max_depth': 10, 'min_samples_leaf': 10, 'min_samples_split': 10}",0.625,0.6428571428571429,0.6785714285714286,0.7090909090909091,0.7636363636363637,0.6838311688311689,0.04934483902911472,342
159,0.005067968368530273,9.903536997628565e-05,0.004980850219726563,0.00011203455198199928,gini,10,10,15,"{'criterion': 'gini', 'max_depth': 10, 'min_samples_leaf': 10, 'min_samples_split': 15}",0.625,0.6428571428571429,0.6785714285714286,0.7090909090909091,0.7636363636363637,0.6838311688311689,0.04934483902911472,342
160,0.004974651336669922,6.591390253921211e-05,0.0050468921661376955,9.257869255959797e-05,gini,10,10,50,"{'criterion': 'gini', 'max_depth': 10, 'min_samples_leaf': 10, 'min_samples_split': 50}",0.6785714285714286,0.8392857142857143,0.6607142857142857,0.7818181818181819,0.8,0.752077922077922,0.07005244643943885,81
161,0.004765510559082031,0.00010603136584927792,0.005014371871948242,8.842332800254634e-05,gini,10,10,100,"{'criterion': 'gini', 'max_depth': 10, 'min_samples_leaf': 10, 'min_samples_split': 100}",0.7678571428571429,0.875,0.6071428571428571,0.7636363636363637,0.7818181818181819,0.759090909090909,0.08618255598816817,46
162,0.004967260360717774,8.953237004196091e-05,0.005069732666015625,5.4740199639421505e-05,gini,10,15,2,"{'criterion': 'gini', 'max_depth': 10, 'min_samples_leaf': 15, 'min_samples_split': 2}",0.7321428571428571,0.6964285714285714,0.6607142857142857,0.8363636363636363,0.7090909090909091,0.7269480519480519,0.05939020819246956,272
163,0.0050147056579589845,0.0001527412508136153,0.005121374130249023,7.72739000709528e-05,gini,10,15,5,"{'criterion': 'gini', 'max_depth': 10, 'min_samples_leaf': 15, 'min_samples_split': 5}",0.7321428571428571,0.6964285714285714,0.6607142857142857,0.8363636363636363,0.7090909090909091,0.7269480519480519,0.05939020819246956,272
164,0.005012798309326172,8.37332566915884e-05,0.005002164840698242,7.941859936111122e-05,gini,10,15,10,"{'criterion': 'gini', 'max_depth': 10, 'min_samples_leaf': 15, 'min_samples_split': 10}",0.7321428571428571,0.6964285714285714,0.6607142857142857,0.8363636363636363,0.7090909090909091,0.7269480519480519,0.05939020819246956,272
165,0.004949331283569336,6.475020213275666e-05,0.004873037338256836,3.602756394255979e-05,gini,10,15,15,"{'criterion': 'gini', 'max_depth': 10, 'min_samples_leaf': 15, 'min_samples_split': 15}",0.7321428571428571,0.6964285714285714,0.6607142857142857,0.8363636363636363,0.7090909090909091,0.7269480519480519,0.05939020819246956,272
166,0.004889297485351563,0.00013415128510072577,0.004985952377319336,8.134366744944857e-05,gini,10,15,50,"{'criterion': 'gini', 'max_depth': 10, 'min_samples_leaf': 15, 'min_samples_split': 50}",0.7142857142857143,0.8392857142857143,0.6785714285714286,0.8181818181818182,0.7818181818181819,0.7664285714285715,0.06109199133240525,24
167,0.004739809036254883,0.00011676391634080129,0.005090522766113281,0.00012624648964528148,gini,10,15,100,"{'criterion': 'gini', 'max_depth': 10, 'min_samples_leaf': 15, 'min_samples_split': 100}",0.7678571428571429,0.875,0.625,0.7636363636363637,0.7090909090909091,0.7481168831168831,0.08174429770604726,102
168,0.004935741424560547,0.00016413293271541328,0.0050103187561035155,4.1377652587683254e-05,gini,10,20,2,"{'criterion': 'gini', 'max_depth': 10, 'min_samples_leaf': 20, 'min_samples_split': 2}",0.7857142857142857,0.8392857142857143,0.6607142857142857,0.8181818181818182,0.6727272727272727,0.7553246753246754,0.07442776582604078,77
169,0.004902935028076172,0.0001697929075272866,0.005159425735473633,0.00017158674896147267,gini,10,20,5,"{'criterion': 'gini', 'max_depth': 10, 'min_samples_leaf': 20, 'min_samples_split': 5}",0.7857142857142857,0.8392857142857143,0.6607142857142857,0.8181818181818182,0.6727272727272727,0.7553246753246754,0.07442776582604078,77
170,0.0049343109130859375,8.278008429430982e-05,0.00513458251953125,0.0003429636799434105,gini,10,20,10,"{'criterion': 'gini', 'max_depth': 10, 'min_samples_leaf': 20, 'min_samples_split': 10}",0.7857142857142857,0.8392857142857143,0.6607142857142857,0.8181818181818182,0.6727272727272727,0.7553246753246754,0.07442776582604078,77
171,0.004933881759643555,0.0001161383274721038,0.004978799819946289,8.840162253830194e-05,gini,10,20,15,"{'criterion': 'gini', 'max_depth': 10, 'min_samples_leaf': 20, 'min_samples_split': 15}",0.7857142857142857,0.8392857142857143,0.6607142857142857,0.8181818181818182,0.6727272727272727,0.7553246753246754,0.07442776582604078,77
172,0.0049136638641357425,4.613374246730213e-05,0.005065441131591797,0.00012637336246633087,gini,10,20,50,"{'criterion': 'gini', 'max_depth': 10, 'min_samples_leaf': 20, 'min_samples_split': 50}",0.875,0.8392857142857143,0.7142857142857143,0.8181818181818182,0.7818181818181819,0.8057142857142858,0.05479634630359933,1
173,0.004710578918457031,0.00019248614977129109,0.0050277233123779295,0.00011343467921580544,gini,10,20,100,"{'criterion': 'gini', 'max_depth': 10, 'min_samples_leaf': 20, 'min_samples_split': 100}",0.8035714285714286,0.875,0.625,0.6909090909090909,0.8363636363636363,0.7661688311688313,0.09355549762092373,33
174,0.0048163414001464845,5.0204046522518926e-05,0.004986429214477539,8.747286218574303e-05,gini,10,25,2,"{'criterion': 'gini', 'max_depth': 10, 'min_samples_leaf': 25, 'min_samples_split': 2}",0.8035714285714286,0.7678571428571429,0.6607142857142857,0.7272727272727273,0.7454545454545455,0.740974025974026,0.047519602971344645,152
175,0.004917621612548828,0.00012367973844684972,0.00517888069152832,0.00014245396577709945,gini,10,25,5,"{'criterion': 'gini', 'max_depth': 10, 'min_samples_leaf': 25, 'min_samples_split': 5}",0.8035714285714286,0.7678571428571429,0.6607142857142857,0.7272727272727273,0.7454545454545455,0.740974025974026,0.047519602971344645,152
176,0.004905557632446289,0.000211805440595288,0.005308675765991211,0.0006672656752811411,gini,10,25,10,"{'criterion': 'gini', 'max_depth': 10, 'min_samples_leaf': 25, 'min_samples_split': 10}",0.8035714285714286,0.7678571428571429,0.6607142857142857,0.7272727272727273,0.7454545454545455,0.740974025974026,0.047519602971344645,152
177,0.004835271835327148,2.5837622830319664e-05,0.0049819469451904295,0.00010285935676365943,gini,10,25,15,"{'criterion': 'gini', 'max_depth': 10, 'min_samples_leaf': 25, 'min_samples_split': 15}",0.8035714285714286,0.7678571428571429,0.6607142857142857,0.7272727272727273,0.7454545454545455,0.740974025974026,0.047519602971344645,152
178,0.0048863887786865234,0.00010835079157389772,0.005065107345581054,7.097967362672622e-05,gini,10,25,50,"{'criterion': 'gini', 'max_depth': 10, 'min_samples_leaf': 25, 'min_samples_split': 50}",0.8035714285714286,0.7678571428571429,0.6607142857142857,0.7272727272727273,0.7454545454545455,0.740974025974026,0.047519602971344645,152
179,0.004771661758422851,0.00011979648927507261,0.005044412612915039,0.00020308367493001922,gini,10,25,100,"{'criterion': 'gini', 'max_depth': 10, 'min_samples_leaf': 25, 'min_samples_split': 100}",0.7321428571428571,0.875,0.5892857142857143,0.6181818181818182,0.8363636363636363,0.7301948051948053,0.11370702812149876,215
180,0.0045474529266357425,0.00017559411649970092,0.004933071136474609,7.019820377586601e-05,entropy,2,2,2,"{'criterion': 'entropy', 'max_depth': 2, 'min_samples_leaf': 2, 'min_samples_split': 2}",0.7678571428571429,0.8571428571428571,0.625,0.6909090909090909,0.7090909090909091,0.73,0.07821605799828248,224
181,0.004522132873535156,0.00016178062349320426,0.005009174346923828,0.0001150717830836579,entropy,2,2,5,"{'criterion': 'entropy', 'max_depth': 2, 'min_samples_leaf': 2, 'min_samples_split': 5}",0.7678571428571429,0.8571428571428571,0.625,0.6909090909090909,0.7090909090909091,0.73,0.07821605799828248,224
182,0.004699087142944336,0.00019592951612115025,0.005016756057739258,0.00010375075879694947,entropy,2,2,10,"{'criterion': 'entropy', 'max_depth': 2, 'min_samples_leaf': 2, 'min_samples_split': 10}",0.7678571428571429,0.8571428571428571,0.625,0.6909090909090909,0.7090909090909091,0.73,0.07821605799828248,224
183,0.004519414901733398,0.00012616785020713468,0.005053424835205078,6.876077796938192e-05,entropy,2,2,15,"{'criterion': 'entropy', 'max_depth': 2, 'min_samples_leaf': 2, 'min_samples_split': 15}",0.7678571428571429,0.8571428571428571,0.625,0.6909090909090909,0.7090909090909091,0.73,0.07821605799828248,224
184,0.004708719253540039,0.00026390442131577374,0.005036115646362305,9.696903048509753e-05,entropy,2,2,50,"{'criterion': 'entropy', 'max_depth': 2, 'min_samples_leaf': 2, 'min_samples_split': 50}",0.7678571428571429,0.8571428571428571,0.625,0.6909090909090909,0.7090909090909091,0.73,0.07821605799828248,224
185,0.004559230804443359,0.00010888379955334464,0.004977083206176758,0.0001476729035062819,entropy,2,2,100,"{'criterion': 'entropy', 'max_depth': 2, 'min_samples_leaf': 2, 'min_samples_split': 100}",0.7678571428571429,0.8571428571428571,0.625,0.6909090909090909,0.7090909090909091,0.73,0.07821605799828248,224
186,0.004467630386352539,0.00012234535747109165,0.005082607269287109,0.0001875039273655685,entropy,2,5,2,"{'criterion': 'entropy', 'max_depth': 2, 'min_samples_leaf': 5, 'min_samples_split': 2}",0.7678571428571429,0.8571428571428571,0.625,0.6909090909090909,0.7090909090909091,0.73,0.07821605799828248,224
187,0.004513359069824219,9.42434113176583e-05,0.004987335205078125,0.0001407723597697559,entropy,2,5,5,"{'criterion': 'entropy', 'max_depth': 2, 'min_samples_leaf': 5, 'min_samples_split': 5}",0.7678571428571429,0.8571428571428571,0.625,0.6909090909090909,0.7090909090909091,0.73,0.07821605799828248,224
188,0.004612588882446289,0.0002639155871025448,0.0049990653991699215,6.753445193481857e-05,entropy,2,5,10,"{'criterion': 'entropy', 'max_depth': 2, 'min_samples_leaf': 5, 'min_samples_split': 10}",0.7678571428571429,0.8571428571428571,0.625,0.6909090909090909,0.7090909090909091,0.73,0.07821605799828248,224
189,0.004573297500610351,0.00013445771292375404,0.005081701278686524,0.00023394786597788372,entropy,2,5,15,"{'criterion': 'entropy', 'max_depth': 2, 'min_samples_leaf': 5, 'min_samples_split': 15}",0.7678571428571429,0.8571428571428571,0.625,0.6909090909090909,0.7090909090909091,0.73,0.07821605799828248,224
190,0.004486894607543946,0.00013021012805717604,0.0048902034759521484,9.557962652518196e-05,entropy,2,5,50,"{'criterion': 'entropy', 'max_depth': 2, 'min_samples_leaf': 5, 'min_samples_split': 50}",0.7678571428571429,0.8571428571428571,0.625,0.6909090909090909,0.7090909090909091,0.73,0.07821605799828248,224
191,0.004456520080566406,0.00011438209293392007,0.0050200939178466795,0.0001957147547259739,entropy,2,5,100,"{'criterion': 'entropy', 'max_depth': 2, 'min_samples_leaf': 5, 'min_samples_split': 100}",0.7678571428571429,0.8571428571428571,0.625,0.6909090909090909,0.7090909090909091,0.73,0.07821605799828248,224
192,0.00440821647644043,0.00019373416660039088,0.0049365520477294925,0.00012184729917291814,entropy,2,10,2,"{'criterion': 'entropy', 'max_depth': 2, 'min_samples_leaf': 10, 'min_samples_split': 2}",0.7678571428571429,0.8571428571428571,0.625,0.6909090909090909,0.7090909090909091,0.73,0.07821605799828248,224
193,0.004433536529541015,9.430009087766118e-05,0.004912614822387695,0.0001545167984460564,entropy,2,10,5,"{'criterion': 'entropy', 'max_depth': 2, 'min_samples_leaf': 10, 'min_samples_split': 5}",0.7678571428571429,0.8571428571428571,0.625,0.6909090909090909,0.7090909090909091,0.73,0.07821605799828248,224
194,0.0044307708740234375,4.771946520618152e-05,0.004955768585205078,7.974222944535477e-05,entropy,2,10,10,"{'criterion': 'entropy', 'max_depth': 2, 'min_samples_leaf': 10, 'min_samples_split': 10}",0.7678571428571429,0.8571428571428571,0.625,0.6909090909090909,0.7090909090909091,0.73,0.07821605799828248,224
195,0.004438972473144532,0.0001298647944859041,0.005086040496826172,0.00013189126162982756,entropy,2,10,15,"{'criterion': 'entropy', 'max_depth': 2, 'min_samples_leaf': 10, 'min_samples_split': 15}",0.7678571428571429,0.8571428571428571,0.625,0.6909090909090909,0.7090909090909091,0.73,0.07821605799828248,224
196,0.0045185089111328125,8.85052669652612e-05,0.00501861572265625,0.00011950414432216236,entropy,2,10,50,"{'criterion': 'entropy', 'max_depth': 2, 'min_samples_leaf': 10, 'min_samples_split': 50}",0.7678571428571429,0.8571428571428571,0.625,0.6909090909090909,0.7090909090909091,0.73,0.07821605799828248,224
197,0.004442262649536133,0.00010081508120991683,0.004973983764648438,7.74100150789395e-05,entropy,2,10,100,"{'criterion': 'entropy', 'max_depth': 2, 'min_samples_leaf': 10, 'min_samples_split': 100}",0.7678571428571429,0.8571428571428571,0.625,0.6909090909090909,0.7090909090909091,0.73,0.07821605799828248,224
198,0.004441738128662109,0.00010034414597387062,0.0048865795135498045,3.996862599434808e-05,entropy,2,15,2,"{'criterion': 'entropy', 'max_depth': 2, 'min_samples_leaf': 15, 'min_samples_split': 2}",0.7678571428571429,0.8571428571428571,0.625,0.6909090909090909,0.7090909090909091,0.73,0.07821605799828248,224
199,0.004450941085815429,0.0001262522708182016,0.004923343658447266,0.00011646712204519224,entropy,2,15,5,"{'criterion': 'entropy', 'max_depth': 2, 'min_samples_leaf': 15, 'min_samples_split': 5}",0.7678571428571429,0.8571428571428571,0.625,0.6909090909090909,0.7090909090909091,0.73,0.07821605799828248,224
200,0.0044635295867919925,0.00010774954116651701,0.004903316497802734,5.337659005038005e-05,entropy,2,15,10,"{'criterion': 'entropy', 'max_depth': 2, 'min_samples_leaf': 15, 'min_samples_split': 10}",0.7678571428571429,0.8571428571428571,0.625,0.6909090909090909,0.7090909090909091,0.73,0.07821605799828248,224
201,0.0044762611389160155,0.00011046716749519954,0.004918670654296875,9.95898805839453e-05,entropy,2,15,15,"{'criterion': 'entropy', 'max_depth': 2, 'min_samples_leaf': 15, 'min_samples_split': 15}",0.7678571428571429,0.8571428571428571,0.625,0.6909090909090909,0.7090909090909091,0.73,0.07821605799828248,224
202,0.004391384124755859,9.465000188526432e-05,0.004929113388061524,0.0001332390363788357,entropy,2,15,50,"{'criterion': 'entropy', 'max_depth': 2, 'min_samples_leaf': 15, 'min_samples_split': 50}",0.7678571428571429,0.8571428571428571,0.625,0.6909090909090909,0.7090909090909091,0.73,0.07821605799828248,224
203,0.004507970809936523,0.00017100755367119937,0.004949712753295898,0.0001058765987596763,entropy,2,15,100,"{'criterion': 'entropy', 'max_depth': 2, 'min_samples_leaf': 15, 'min_samples_split': 100}",0.7678571428571429,0.8571428571428571,0.625,0.6909090909090909,0.7090909090909091,0.73,0.07821605799828248,224
204,0.004432964324951172,0.00014871200195643256,0.004918336868286133,4.258852599442961e-05,entropy,2,20,2,"{'criterion': 'entropy', 'max_depth': 2, 'min_samples_leaf': 20, 'min_samples_split': 2}",0.7321428571428571,0.8571428571428571,0.625,0.6909090909090909,0.7090909090909091,0.7228571428571429,0.07603299964431981,294
205,0.004567432403564453,0.00023461625795362378,0.004959249496459961,0.00016236396962941629,entropy,2,20,5,"{'criterion': 'entropy', 'max_depth': 2, 'min_samples_leaf': 20, 'min_samples_split': 5}",0.7321428571428571,0.8571428571428571,0.625,0.6909090909090909,0.7090909090909091,0.7228571428571429,0.07603299964431981,294
206,0.004418706893920899,6.517591270186528e-05,0.004864501953125,8.102169140834182e-05,entropy,2,20,10,"{'criterion': 'entropy', 'max_depth': 2, 'min_samples_leaf': 20, 'min_samples_split': 10}",0.7321428571428571,0.8571428571428571,0.625,0.6909090909090909,0.7090909090909091,0.7228571428571429,0.07603299964431981,294
207,0.004431629180908203,0.00010184158935571775,0.004902505874633789,0.000122849077632801,entropy,2,20,15,"{'criterion': 'entropy', 'max_depth': 2, 'min_samples_leaf': 20, 'min_samples_split': 15}",0.7321428571428571,0.8571428571428571,0.625,0.6909090909090909,0.7090909090909091,0.7228571428571429,0.07603299964431981,294
208,0.004380130767822265,3.0077276265296528e-05,0.004888010025024414,8.778044981623229e-05,entropy,2,20,50,"{'criterion': 'entropy', 'max_depth': 2, 'min_samples_leaf': 20, 'min_samples_split': 50}",0.7321428571428571,0.8571428571428571,0.625,0.6909090909090909,0.7090909090909091,0.7228571428571429,0.07603299964431981,294
209,0.004452419281005859,0.00013668114400954083,0.004950094223022461,0.00013842710000982707,entropy,2,20,100,"{'criterion': 'entropy', 'max_depth': 2, 'min_samples_leaf': 20, 'min_samples_split': 100}",0.7321428571428571,0.8571428571428571,0.625,0.6909090909090909,0.7090909090909091,0.7228571428571429,0.07603299964431981,294
210,0.004457712173461914,0.00016670263877408968,0.004944515228271484,0.00013977653126564195,entropy,2,25,2,"{'criterion': 'entropy', 'max_depth': 2, 'min_samples_leaf': 25, 'min_samples_split': 2}",0.7321428571428571,0.8571428571428571,0.625,0.6909090909090909,0.7090909090909091,0.7228571428571429,0.07603299964431981,294
211,0.004406499862670899,4.283616921646291e-05,0.004944992065429687,7.387289543032701e-05,entropy,2,25,5,"{'criterion': 'entropy', 'max_depth': 2, 'min_samples_leaf': 25, 'min_samples_split': 5}",0.7321428571428571,0.8571428571428571,0.625,0.6909090909090909,0.7090909090909091,0.7228571428571429,0.07603299964431981,294
212,0.0044100284576416016,0.0001199625061352741,0.004903936386108398,5.459558490549762e-05,entropy,2,25,10,"{'criterion': 'entropy', 'max_depth': 2, 'min_samples_leaf': 25, 'min_samples_split': 10}",0.7321428571428571,0.8571428571428571,0.625,0.6909090909090909,0.7090909090909091,0.7228571428571429,0.07603299964431981,294
213,0.0044384002685546875,8.697475780454124e-05,0.004935550689697266,5.000596529784272e-05,entropy,2,25,15,"{'criterion': 'entropy', 'max_depth': 2, 'min_samples_leaf': 25, 'min_samples_split': 15}",0.7321428571428571,0.8571428571428571,0.625,0.6909090909090909,0.7090909090909091,0.7228571428571429,0.07603299964431981,294
214,0.004402875900268555,6.904611929997073e-05,0.004937314987182617,0.00010785637011747309,entropy,2,25,50,"{'criterion': 'entropy', 'max_depth': 2, 'min_samples_leaf': 25, 'min_samples_split': 50}",0.7321428571428571,0.8571428571428571,0.625,0.6909090909090909,0.7090909090909091,0.7228571428571429,0.07603299964431981,294
215,0.004417991638183594,0.00010439778698028672,0.0049229621887207035,0.00012382613605858736,entropy,2,25,100,"{'criterion': 'entropy', 'max_depth': 2, 'min_samples_leaf': 25, 'min_samples_split': 100}",0.7321428571428571,0.8571428571428571,0.625,0.6909090909090909,0.7090909090909091,0.7228571428571429,0.07603299964431981,294
216,0.004704570770263672,5.7093678531951245e-05,0.004979133605957031,6.167718603343536e-05,entropy,3,2,2,"{'criterion': 'entropy', 'max_depth': 3, 'min_samples_leaf': 2, 'min_samples_split': 2}",0.7142857142857143,0.8571428571428571,0.625,0.6909090909090909,0.7818181818181819,0.7338311688311687,0.07946959011520123,198
217,0.004738426208496094,0.00013398280745057978,0.004936981201171875,5.693032299941289e-05,entropy,3,2,5,"{'criterion': 'entropy', 'max_depth': 3, 'min_samples_leaf': 2, 'min_samples_split': 5}",0.7142857142857143,0.8571428571428571,0.625,0.6909090909090909,0.7818181818181819,0.7338311688311687,0.07946959011520123,198
218,0.004728126525878906,0.00010874735308576503,0.004967021942138672,7.176556062727272e-05,entropy,3,2,10,"{'criterion': 'entropy', 'max_depth': 3, 'min_samples_leaf': 2, 'min_samples_split': 10}",0.7142857142857143,0.8571428571428571,0.625,0.6909090909090909,0.7818181818181819,0.7338311688311687,0.07946959011520123,198
219,0.004764461517333984,0.0001718007687367673,0.004896974563598633,9.802183159801926e-05,entropy,3,2,15,"{'criterion': 'entropy', 'max_depth': 3, 'min_samples_leaf': 2, 'min_samples_split': 15}",0.7142857142857143,0.8571428571428571,0.625,0.6909090909090909,0.7818181818181819,0.7338311688311687,0.07946959011520123,198
220,0.0046328544616699215,0.00010510183266547425,0.004943704605102539,0.00011668202338239757,entropy,3,2,50,"{'criterion': 'entropy', 'max_depth': 3, 'min_samples_leaf': 2, 'min_samples_split': 50}",0.7142857142857143,0.8571428571428571,0.625,0.6909090909090909,0.7818181818181819,0.7338311688311687,0.07946959011520123,198
221,0.004644966125488282,7.92483560197815e-05,0.004933595657348633,9.035504255839627e-05,entropy,3,2,100,"{'criterion': 'entropy', 'max_depth': 3, 'min_samples_leaf': 2, 'min_samples_split': 100}",0.7678571428571429,0.875,0.625,0.6909090909090909,0.7818181818181819,0.7481168831168831,0.08491793583978355,102
222,0.0046272754669189455,5.86244864487025e-05,0.004861593246459961,8.266092824371204e-05,entropy,3,5,2,"{'criterion': 'entropy', 'max_depth': 3, 'min_samples_leaf': 5, 'min_samples_split': 2}",0.7142857142857143,0.8571428571428571,0.625,0.6909090909090909,0.7818181818181819,0.7338311688311687,0.07946959011520123,198
223,0.00463709831237793,9.335767721390357e-05,0.004968500137329102,8.04536915589849e-05,entropy,3,5,5,"{'criterion': 'entropy', 'max_depth': 3, 'min_samples_leaf': 5, 'min_samples_split': 5}",0.7142857142857143,0.8571428571428571,0.625,0.6909090909090909,0.7818181818181819,0.7338311688311687,0.07946959011520123,198
224,0.0046291351318359375,0.00011052505208048042,0.0049095630645751955,7.457440460783466e-05,entropy,3,5,10,"{'criterion': 'entropy', 'max_depth': 3, 'min_samples_leaf': 5, 'min_samples_split': 10}",0.7142857142857143,0.8571428571428571,0.625,0.6909090909090909,0.7818181818181819,0.7338311688311687,0.07946959011520123,198
225,0.004730367660522461,0.00010202628290373047,0.005212020874023437,0.00039186428341123135,entropy,3,5,15,"{'criterion': 'entropy', 'max_depth': 3, 'min_samples_leaf': 5, 'min_samples_split': 15}",0.7142857142857143,0.8571428571428571,0.625,0.6909090909090909,0.7818181818181819,0.7338311688311687,0.07946959011520123,198
226,0.004660129547119141,7.284021213838677e-05,0.004990434646606446,0.0001103085857758485,entropy,3,5,50,"{'criterion': 'entropy', 'max_depth': 3, 'min_samples_leaf': 5, 'min_samples_split': 50}",0.7142857142857143,0.8571428571428571,0.625,0.6909090909090909,0.7818181818181819,0.7338311688311687,0.07946959011520123,198
227,0.004598140716552734,0.00011905020589442765,0.004935026168823242,2.8590752011550232e-05,entropy,3,5,100,"{'criterion': 'entropy', 'max_depth': 3, 'min_samples_leaf': 5, 'min_samples_split': 100}",0.7678571428571429,0.875,0.625,0.6909090909090909,0.7818181818181819,0.7481168831168831,0.08491793583978355,102
228,0.004576826095581054,0.00010303904851221158,0.004883575439453125,0.00010905833953015509,entropy,3,10,2,"{'criterion': 'entropy', 'max_depth': 3, 'min_samples_leaf': 10, 'min_samples_split': 2}",0.7142857142857143,0.8392857142857143,0.625,0.6909090909090909,0.7818181818181819,0.7302597402597403,0.07406509560910889,210
229,0.0046117305755615234,8.028754058725873e-05,0.005101299285888672,0.00038635459956038506,entropy,3,10,5,"{'criterion': 'entropy', 'max_depth': 3, 'min_samples_leaf': 10, 'min_samples_split': 5}",0.7142857142857143,0.8392857142857143,0.625,0.6909090909090909,0.7818181818181819,0.7302597402597403,0.07406509560910889,210
230,0.004604721069335937,7.595293007051165e-05,0.0050274372100830075,8.231783922909585e-05,entropy,3,10,10,"{'criterion': 'entropy', 'max_depth': 3, 'min_samples_leaf': 10, 'min_samples_split': 10}",0.7142857142857143,0.8392857142857143,0.625,0.6909090909090909,0.7818181818181819,0.7302597402597403,0.07406509560910889,210
231,0.004685020446777344,8.354012822813033e-05,0.004925823211669922,0.00011716623520016808,entropy,3,10,15,"{'criterion': 'entropy', 'max_depth': 3, 'min_samples_leaf': 10, 'min_samples_split': 15}",0.7142857142857143,0.8392857142857143,0.625,0.6909090909090909,0.7818181818181819,0.7302597402597403,0.07406509560910889,210
232,0.004548883438110352,3.9151960522924265e-05,0.004880762100219727,6.233131724465738e-05,entropy,3,10,50,"{'criterion': 'entropy', 'max_depth': 3, 'min_samples_leaf': 10, 'min_samples_split': 50}",0.7142857142857143,0.8392857142857143,0.625,0.6909090909090909,0.7818181818181819,0.7302597402597403,0.07406509560910889,210
233,0.004728364944458008,0.00023014215337373094,0.0049533843994140625,8.246153860987516e-05,entropy,3,10,100,"{'criterion': 'entropy', 'max_depth': 3, 'min_samples_leaf': 10, 'min_samples_split': 100}",0.7678571428571429,0.875,0.625,0.6909090909090909,0.7818181818181819,0.7481168831168831,0.08491793583978355,102
234,0.004592752456665039,0.00011432846823031664,0.004952716827392578,5.579553070823073e-05,entropy,3,15,2,"{'criterion': 'entropy', 'max_depth': 3, 'min_samples_leaf': 15, 'min_samples_split': 2}",0.7142857142857143,0.6785714285714286,0.625,0.6909090909090909,0.7090909090909091,0.6835714285714285,0.03195016358769523,346
235,0.004662227630615234,2.284015145563674e-05,0.004931259155273438,0.00012178129761752121,entropy,3,15,5,"{'criterion': 'entropy', 'max_depth': 3, 'min_samples_leaf': 15, 'min_samples_split': 5}",0.7142857142857143,0.6785714285714286,0.625,0.6909090909090909,0.7090909090909091,0.6835714285714285,0.03195016358769523,346
236,0.0046253204345703125,0.00010197929362863502,0.0052034854888916016,0.0006339105355204206,entropy,3,15,10,"{'criterion': 'entropy', 'max_depth': 3, 'min_samples_leaf': 15, 'min_samples_split': 10}",0.7142857142857143,0.6785714285714286,0.625,0.6909090909090909,0.7090909090909091,0.6835714285714285,0.03195016358769523,346
237,0.004626321792602539,0.00012334666701652408,0.004994344711303711,7.228423536219638e-05,entropy,3,15,15,"{'criterion': 'entropy', 'max_depth': 3, 'min_samples_leaf': 15, 'min_samples_split': 15}",0.7142857142857143,0.6785714285714286,0.625,0.6909090909090909,0.7090909090909091,0.6835714285714285,0.03195016358769523,346
238,0.004841327667236328,0.0003722581603436473,0.012794256210327148,0.0153373425616658,entropy,3,15,50,"{'criterion': 'entropy', 'max_depth': 3, 'min_samples_leaf': 15, 'min_samples_split': 50}",0.7142857142857143,0.6785714285714286,0.625,0.6909090909090909,0.7090909090909091,0.6835714285714285,0.03195016358769523,346
239,0.004603958129882813,0.0001222336131305171,0.004910135269165039,9.620142101089891e-05,entropy,3,15,100,"{'criterion': 'entropy', 'max_depth': 3, 'min_samples_leaf': 15, 'min_samples_split': 100}",0.7678571428571429,0.875,0.625,0.6909090909090909,0.7090909090909091,0.7335714285714285,0.0841245231918736,208
240,0.0046898841857910155,0.0002316022866508925,0.004979944229125977,9.05279583251692e-05,entropy,3,20,2,"{'criterion': 'entropy', 'max_depth': 3, 'min_samples_leaf': 20, 'min_samples_split': 2}",0.6785714285714286,0.6785714285714286,0.625,0.6909090909090909,0.8363636363636363,0.7018831168831169,0.07099763749784155,328
241,0.004575014114379883,0.00014144721475039325,0.004877233505249023,4.402051557382617e-05,entropy,3,20,5,"{'criterion': 'entropy', 'max_depth': 3, 'min_samples_leaf': 20, 'min_samples_split': 5}",0.6785714285714286,0.6785714285714286,0.625,0.6909090909090909,0.8363636363636363,0.7018831168831169,0.07099763749784155,328
242,0.004589509963989258,0.00015653993809405467,0.0049059391021728516,6.516534134068493e-05,entropy,3,20,10,"{'criterion': 'entropy', 'max_depth': 3, 'min_samples_leaf': 20, 'min_samples_split': 10}",0.6785714285714286,0.6785714285714286,0.625,0.6909090909090909,0.8363636363636363,0.7018831168831169,0.07099763749784155,328
243,0.004608440399169922,0.00010425555675484389,0.004942941665649414,0.00010913753625773433,entropy,3,20,15,"{'criterion': 'entropy', 'max_depth': 3, 'min_samples_leaf': 20, 'min_samples_split': 15}",0.6785714285714286,0.6785714285714286,0.625,0.6909090909090909,0.8363636363636363,0.7018831168831169,0.07099763749784155,328
244,0.0046268939971923825,0.00013567082240927467,0.004940128326416016,4.58938362980675e-05,entropy,3,20,50,"{'criterion': 'entropy', 'max_depth': 3, 'min_samples_leaf': 20, 'min_samples_split': 50}",0.6785714285714286,0.6785714285714286,0.625,0.6909090909090909,0.8363636363636363,0.7018831168831169,0.07099763749784155,328
245,0.004467821121215821,1.920452405006302e-05,0.00486140251159668,8.90145782942064e-05,entropy,3,20,100,"{'criterion': 'entropy', 'max_depth': 3, 'min_samples_leaf': 20, 'min_samples_split': 100}",0.7321428571428571,0.875,0.625,0.6909090909090909,0.8363636363636363,0.7518831168831169,0.09219713675400501,85
246,0.004707527160644531,0.00023029123924308152,0.005062580108642578,0.0003698792671968653,entropy,3,25,2,"{'criterion': 'entropy', 'max_depth': 3, 'min_samples_leaf': 25, 'min_samples_split': 2}",0.6785714285714286,0.6785714285714286,0.5892857142857143,0.6181818181818182,0.8363636363636363,0.6801948051948052,0.08544477503060299,351
247,0.004556131362915039,7.562393795484222e-05,0.004894733428955078,4.160769673338365e-05,entropy,3,25,5,"{'criterion': 'entropy', 'max_depth': 3, 'min_samples_leaf': 25, 'min_samples_split': 5}",0.6785714285714286,0.6785714285714286,0.5892857142857143,0.6181818181818182,0.8363636363636363,0.6801948051948052,0.08544477503060299,351
248,0.004759073257446289,0.00016879685177375721,0.004934501647949219,0.00011063160554342437,entropy,3,25,10,"{'criterion': 'entropy', 'max_depth': 3, 'min_samples_leaf': 25, 'min_samples_split': 10}",0.6785714285714286,0.6785714285714286,0.5892857142857143,0.6181818181818182,0.8363636363636363,0.6801948051948052,0.08544477503060299,351
249,0.004590606689453125,6.576232726050945e-05,0.004903554916381836,0.00010707962075010535,entropy,3,25,15,"{'criterion': 'entropy', 'max_depth': 3, 'min_samples_leaf': 25, 'min_samples_split': 15}",0.6785714285714286,0.6785714285714286,0.5892857142857143,0.6181818181818182,0.8363636363636363,0.6801948051948052,0.08544477503060299,351
250,0.004633951187133789,0.00010468203693885917,0.004949140548706055,0.00011219507159688416,entropy,3,25,50,"{'criterion': 'entropy', 'max_depth': 3, 'min_samples_leaf': 25, 'min_samples_split': 50}",0.6785714285714286,0.6785714285714286,0.5892857142857143,0.6181818181818182,0.8363636363636363,0.6801948051948052,0.08544477503060299,351
251,0.004481983184814453,6.808616839895733e-05,0.004893732070922851,6.62308446191455e-05,entropy,3,25,100,"{'criterion': 'entropy', 'max_depth': 3, 'min_samples_leaf': 25, 'min_samples_split': 100}",0.7321428571428571,0.875,0.5892857142857143,0.6181818181818182,0.8363636363636363,0.7301948051948053,0.11370702812149876,215
252,0.0049400806427001955,0.0002538510316114436,0.004927635192871094,5.205065830269423e-05,entropy,4,2,2,"{'criterion': 'entropy', 'max_depth': 4, 'min_samples_leaf': 2, 'min_samples_split': 2}",0.7142857142857143,0.8392857142857143,0.625,0.7454545454545455,0.8,0.7448051948051949,0.07383519503808025,114
253,0.0048773765563964845,8.032836753196532e-05,0.004927825927734375,3.9902581302539746e-05,entropy,4,2,5,"{'criterion': 'entropy', 'max_depth': 4, 'min_samples_leaf': 2, 'min_samples_split': 5}",0.7142857142857143,0.8392857142857143,0.625,0.7454545454545455,0.8,0.7448051948051949,0.07383519503808025,114
254,0.004891061782836914,0.00014703601416284808,0.00501546859741211,0.0001260100812640041,entropy,4,2,10,"{'criterion': 'entropy', 'max_depth': 4, 'min_samples_leaf': 2, 'min_samples_split': 10}",0.7142857142857143,0.8392857142857143,0.625,0.7454545454545455,0.8,0.7448051948051949,0.07383519503808025,114
255,0.004813957214355469,9.586732501656983e-05,0.004954290390014648,3.2745348885028105e-05,entropy,4,2,15,"{'criterion': 'entropy', 'max_depth': 4, 'min_samples_leaf': 2, 'min_samples_split': 15}",0.7142857142857143,0.8392857142857143,0.625,0.7454545454545455,0.8,0.7448051948051949,0.07383519503808025,114
256,0.004825973510742187,0.00010810568283518817,0.005003738403320313,0.00014800670523666166,entropy,4,2,50,"{'criterion': 'entropy', 'max_depth': 4, 'min_samples_leaf': 2, 'min_samples_split': 50}",0.7142857142857143,0.8392857142857143,0.625,0.7454545454545455,0.8,0.7448051948051949,0.07383519503808025,114
257,0.004662370681762696,0.00012434781277528433,0.004928159713745117,0.00012365375902985374,entropy,4,2,100,"{'criterion': 'entropy', 'max_depth': 4, 'min_samples_leaf': 2, 'min_samples_split': 100}",0.7678571428571429,0.875,0.625,0.7454545454545455,0.7818181818181819,0.759025974025974,0.08024287428385438,58
258,0.004868268966674805,8.177666899957569e-05,0.004944276809692383,8.887129210199554e-05,entropy,4,5,2,"{'criterion': 'entropy', 'max_depth': 4, 'min_samples_leaf': 5, 'min_samples_split': 2}",0.7142857142857143,0.8392857142857143,0.625,0.7454545454545455,0.8,0.7448051948051949,0.07383519503808025,114
259,0.004815816879272461,7.719992118679799e-05,0.004978036880493164,6.431569973903359e-05,entropy,4,5,5,"{'criterion': 'entropy', 'max_depth': 4, 'min_samples_leaf': 5, 'min_samples_split': 5}",0.7142857142857143,0.8392857142857143,0.625,0.7454545454545455,0.8,0.7448051948051949,0.07383519503808025,114
260,0.004851675033569336,0.00012406764066405065,0.004991340637207031,9.543099669173232e-05,entropy,4,5,10,"{'criterion': 'entropy', 'max_depth': 4, 'min_samples_leaf': 5, 'min_samples_split': 10}",0.7142857142857143,0.8392857142857143,0.625,0.7454545454545455,0.8,0.7448051948051949,0.07383519503808025,114
261,0.004801416397094726,0.00014951423562545768,0.004945707321166992,6.578130623265786e-05,entropy,4,5,15,"{'criterion': 'entropy', 'max_depth': 4, 'min_samples_leaf': 5, 'min_samples_split': 15}",0.7142857142857143,0.8392857142857143,0.625,0.7454545454545455,0.8,0.7448051948051949,0.07383519503808025,114
262,0.0048348426818847655,7.73034365056205e-05,0.0050445556640625,5.3636147639427606e-05,entropy,4,5,50,"{'criterion': 'entropy', 'max_depth': 4, 'min_samples_leaf': 5, 'min_samples_split': 50}",0.7142857142857143,0.8392857142857143,0.625,0.7454545454545455,0.8,0.7448051948051949,0.07383519503808025,114
263,0.004720258712768555,0.00020513506835677592,0.0049187660217285155,0.0001671806581276233,entropy,4,5,100,"{'criterion': 'entropy', 'max_depth': 4, 'min_samples_leaf': 5, 'min_samples_split': 100}",0.7678571428571429,0.875,0.625,0.7454545454545455,0.7818181818181819,0.759025974025974,0.08024287428385438,58
264,0.004925918579101562,4.038374403226625e-05,0.004902505874633789,0.00010078713350266809,entropy,4,10,2,"{'criterion': 'entropy', 'max_depth': 4, 'min_samples_leaf': 10, 'min_samples_split': 2}",0.7142857142857143,0.8392857142857143,0.625,0.7454545454545455,0.8181818181818182,0.7484415584415586,0.07685014868787146,89
265,0.004855823516845703,0.00011950621818459773,0.004954624176025391,9.192579476292134e-05,entropy,4,10,5,"{'criterion': 'entropy', 'max_depth': 4, 'min_samples_leaf': 10, 'min_samples_split': 5}",0.7142857142857143,0.8392857142857143,0.625,0.7454545454545455,0.8181818181818182,0.7484415584415586,0.07685014868787146,89
266,0.0049746036529541016,0.00019812873695907777,0.004933309555053711,0.0001061737013714286,entropy,4,10,10,"{'criterion': 'entropy', 'max_depth': 4, 'min_samples_leaf': 10, 'min_samples_split': 10}",0.7142857142857143,0.8392857142857143,0.625,0.7454545454545455,0.8181818181818182,0.7484415584415586,0.07685014868787146,89
267,0.004944562911987305,0.00022064662486147218,0.00496969223022461,0.00013895386604353258,entropy,4,10,15,"{'criterion': 'entropy', 'max_depth': 4, 'min_samples_leaf': 10, 'min_samples_split': 15}",0.7142857142857143,0.8392857142857143,0.625,0.7454545454545455,0.8181818181818182,0.7484415584415586,0.07685014868787146,89
268,0.004856777191162109,0.00011422269598778255,0.004865026473999024,7.146603967664731e-05,entropy,4,10,50,"{'criterion': 'entropy', 'max_depth': 4, 'min_samples_leaf': 10, 'min_samples_split': 50}",0.7142857142857143,0.8392857142857143,0.625,0.7454545454545455,0.8181818181818182,0.7484415584415586,0.07685014868787146,89
269,0.004678487777709961,7.268615727885527e-05,0.004910039901733399,7.393734939975264e-05,entropy,4,10,100,"{'criterion': 'entropy', 'max_depth': 4, 'min_samples_leaf': 10, 'min_samples_split': 100}",0.7678571428571429,0.875,0.625,0.7454545454545455,0.7818181818181819,0.759025974025974,0.08024287428385438,58
270,0.0047419071197509766,9.211452298880696e-05,0.0049092769622802734,8.794071794897103e-05,entropy,4,15,2,"{'criterion': 'entropy', 'max_depth': 4, 'min_samples_leaf': 15, 'min_samples_split': 2}",0.7142857142857143,0.8392857142857143,0.625,0.7454545454545455,0.7454545454545455,0.733896103896104,0.06872713284433744,192
271,0.004826498031616211,8.771463268592967e-05,0.004943180084228516,0.00017930455611379903,entropy,4,15,5,"{'criterion': 'entropy', 'max_depth': 4, 'min_samples_leaf': 15, 'min_samples_split': 5}",0.7142857142857143,0.8392857142857143,0.625,0.7454545454545455,0.7454545454545455,0.733896103896104,0.06872713284433744,192
272,0.004806947708129883,6.337727320175138e-05,0.004966068267822266,0.00015823770506820503,entropy,4,15,10,"{'criterion': 'entropy', 'max_depth': 4, 'min_samples_leaf': 15, 'min_samples_split': 10}",0.7142857142857143,0.8392857142857143,0.625,0.7454545454545455,0.7454545454545455,0.733896103896104,0.06872713284433744,192
273,0.004812955856323242,0.00020371139708672413,0.005027198791503906,0.00012322828421929712,entropy,4,15,15,"{'criterion': 'entropy', 'max_depth': 4, 'min_samples_leaf': 15, 'min_samples_split': 15}",0.7142857142857143,0.8392857142857143,0.625,0.7454545454545455,0.7454545454545455,0.733896103896104,0.06872713284433744,192
274,0.0047858238220214845,0.00012499432759294682,0.0049457550048828125,0.0001098022523225843,entropy,4,15,50,"{'criterion': 'entropy', 'max_depth': 4, 'min_samples_leaf': 15, 'min_samples_split': 50}",0.7142857142857143,0.8392857142857143,0.625,0.7454545454545455,0.7454545454545455,0.733896103896104,0.06872713284433744,192
275,0.0046883106231689455,0.00012700201217162523,0.004931211471557617,0.00013087924869304622,entropy,4,15,100,"{'criterion': 'entropy', 'max_depth': 4, 'min_samples_leaf': 15, 'min_samples_split': 100}",0.7678571428571429,0.875,0.625,0.7454545454545455,0.7090909090909091,0.7444805194805195,0.0813766171587746,139
276,0.004733896255493164,9.244034069421836e-05,0.004913759231567383,8.934526221521416e-05,entropy,4,20,2,"{'criterion': 'entropy', 'max_depth': 4, 'min_samples_leaf': 20, 'min_samples_split': 2}",0.8214285714285714,0.8392857142857143,0.625,0.7272727272727273,0.7818181818181819,0.758961038961039,0.07723523045264402,67
277,0.004808378219604492,0.00022499233756632445,0.004928064346313476,0.00010792652646235008,entropy,4,20,5,"{'criterion': 'entropy', 'max_depth': 4, 'min_samples_leaf': 20, 'min_samples_split': 5}",0.8214285714285714,0.8392857142857143,0.625,0.7272727272727273,0.7818181818181819,0.758961038961039,0.07723523045264402,67
278,0.004727935791015625,5.656434436805142e-05,0.0048675537109375,4.0409804036869614e-05,entropy,4,20,10,"{'criterion': 'entropy', 'max_depth': 4, 'min_samples_leaf': 20, 'min_samples_split': 10}",0.8214285714285714,0.8392857142857143,0.625,0.7272727272727273,0.7818181818181819,0.758961038961039,0.07723523045264402,67
279,0.004750251770019531,8.426550449492508e-05,0.004962301254272461,7.254879526003927e-05,entropy,4,20,15,"{'criterion': 'entropy', 'max_depth': 4, 'min_samples_leaf': 20, 'min_samples_split': 15}",0.8214285714285714,0.8392857142857143,0.625,0.7272727272727273,0.7818181818181819,0.758961038961039,0.07723523045264402,67
280,0.0047226428985595705,0.00013278124669769187,0.004868078231811524,5.075626377555706e-05,entropy,4,20,50,"{'criterion': 'entropy', 'max_depth': 4, 'min_samples_leaf': 20, 'min_samples_split': 50}",0.8214285714285714,0.8392857142857143,0.625,0.7272727272727273,0.7818181818181819,0.758961038961039,0.07723523045264402,67
281,0.00463399887084961,0.000163736715265803,0.004979848861694336,0.00010467384802402094,entropy,4,20,100,"{'criterion': 'entropy', 'max_depth': 4, 'min_samples_leaf': 20, 'min_samples_split': 100}",0.7321428571428571,0.875,0.625,0.6909090909090909,0.8363636363636363,0.7518831168831169,0.09219713675400501,85
282,0.004707241058349609,4.541622990962379e-05,0.0048522472381591795,5.7217558151466e-05,entropy,4,25,2,"{'criterion': 'entropy', 'max_depth': 4, 'min_samples_leaf': 25, 'min_samples_split': 2}",0.8035714285714286,0.7678571428571429,0.5892857142857143,0.7272727272727273,0.7454545454545455,0.7266883116883117,0.07326373340991468,279
283,0.004801273345947266,0.00019879094641811986,0.005001544952392578,9.715502978683172e-05,entropy,4,25,5,"{'criterion': 'entropy', 'max_depth': 4, 'min_samples_leaf': 25, 'min_samples_split': 5}",0.8035714285714286,0.7678571428571429,0.5892857142857143,0.7272727272727273,0.7454545454545455,0.7266883116883117,0.07326373340991468,279
284,0.004674196243286133,4.6404855407465305e-05,0.0049931049346923825,0.00011367267797900712,entropy,4,25,10,"{'criterion': 'entropy', 'max_depth': 4, 'min_samples_leaf': 25, 'min_samples_split': 10}",0.8035714285714286,0.7678571428571429,0.5892857142857143,0.7272727272727273,0.7454545454545455,0.7266883116883117,0.07326373340991468,279
285,0.004780912399291992,6.347159334136221e-05,0.004922199249267578,0.00013461809717970973,entropy,4,25,15,"{'criterion': 'entropy', 'max_depth': 4, 'min_samples_leaf': 25, 'min_samples_split': 15}",0.8035714285714286,0.7678571428571429,0.5892857142857143,0.7272727272727273,0.7454545454545455,0.7266883116883117,0.07326373340991468,279
286,0.004675722122192383,7.239788909978975e-05,0.0049705982208251955,0.00013135642567837962,entropy,4,25,50,"{'criterion': 'entropy', 'max_depth': 4, 'min_samples_leaf': 25, 'min_samples_split': 50}",0.8035714285714286,0.7678571428571429,0.5892857142857143,0.7272727272727273,0.7454545454545455,0.7266883116883117,0.07326373340991468,279
287,0.004619503021240234,4.8909082949090856e-05,0.004965734481811523,0.00012424846563789237,entropy,4,25,100,"{'criterion': 'entropy', 'max_depth': 4, 'min_samples_leaf': 25, 'min_samples_split': 100}",0.7321428571428571,0.875,0.5892857142857143,0.6181818181818182,0.8363636363636363,0.7301948051948053,0.11370702812149876,215
288,0.005061101913452148,7.690858616107048e-05,0.004979133605957031,5.7542016595762246e-05,entropy,5,2,2,"{'criterion': 'entropy', 'max_depth': 5, 'min_samples_leaf': 2, 'min_samples_split': 2}",0.7321428571428571,0.8214285714285714,0.625,0.7454545454545455,0.7090909090909091,0.7266233766233766,0.0632578858972026,289
289,0.005013751983642578,0.00011518646813197457,0.004926204681396484,0.00012165797149920653,entropy,5,2,5,"{'criterion': 'entropy', 'max_depth': 5, 'min_samples_leaf': 2, 'min_samples_split': 5}",0.7321428571428571,0.8214285714285714,0.625,0.7454545454545455,0.7090909090909091,0.7266233766233766,0.0632578858972026,289
290,0.004939842224121094,6.988022116692733e-05,0.004911994934082032,0.0001255836998980632,entropy,5,2,10,"{'criterion': 'entropy', 'max_depth': 5, 'min_samples_leaf': 2, 'min_samples_split': 10}",0.7321428571428571,0.8214285714285714,0.625,0.7454545454545455,0.7090909090909091,0.7266233766233766,0.0632578858972026,289
291,0.005002117156982422,6.956147140668487e-05,0.005017900466918945,0.00011540883740859862,entropy,5,2,15,"{'criterion': 'entropy', 'max_depth': 5, 'min_samples_leaf': 2, 'min_samples_split': 15}",0.7321428571428571,0.8214285714285714,0.625,0.7454545454545455,0.7090909090909091,0.7266233766233766,0.0632578858972026,289
292,0.004981899261474609,0.0001496489893294337,0.0049574851989746095,9.347338970978078e-05,entropy,5,2,50,"{'criterion': 'entropy', 'max_depth': 5, 'min_samples_leaf': 2, 'min_samples_split': 50}",0.7321428571428571,0.8392857142857143,0.625,0.7454545454545455,0.7090909090909091,0.7301948051948052,0.06877325424349948,223
293,0.004836320877075195,0.00013090087602065457,0.004940223693847656,0.00011821594264993091,entropy,5,2,100,"{'criterion': 'entropy', 'max_depth': 5, 'min_samples_leaf': 2, 'min_samples_split': 100}",0.7678571428571429,0.875,0.625,0.7454545454545455,0.7818181818181819,0.759025974025974,0.08024287428385438,58
294,0.004924392700195313,0.0001607374562999243,0.004887533187866211,8.931268170990069e-05,entropy,5,5,2,"{'criterion': 'entropy', 'max_depth': 5, 'min_samples_leaf': 5, 'min_samples_split': 2}",0.7857142857142857,0.6964285714285714,0.625,0.7454545454545455,0.8363636363636363,0.7377922077922079,0.07280741178382506,176
295,0.004969549179077148,8.807911607735095e-05,0.004924774169921875,5.252421361862896e-05,entropy,5,5,5,"{'criterion': 'entropy', 'max_depth': 5, 'min_samples_leaf': 5, 'min_samples_split': 5}",0.7857142857142857,0.6964285714285714,0.625,0.7454545454545455,0.8363636363636363,0.7377922077922079,0.07280741178382506,176
296,0.0050049304962158205,8.896692706169731e-05,0.004943704605102539,0.00016565638568266026,entropy,5,5,10,"{'criterion': 'entropy', 'max_depth': 5, 'min_samples_leaf': 5, 'min_samples_split': 10}",0.7857142857142857,0.6964285714285714,0.625,0.7454545454545455,0.8363636363636363,0.7377922077922079,0.07280741178382506,176
297,0.005020761489868164,0.0001081900955143325,0.004975223541259765,0.00015199311386774838,entropy,5,5,15,"{'criterion': 'entropy', 'max_depth': 5, 'min_samples_leaf': 5, 'min_samples_split': 15}",0.7857142857142857,0.6964285714285714,0.625,0.7454545454545455,0.8363636363636363,0.7377922077922079,0.07280741178382506,176
298,0.004927492141723633,7.065137048584715e-05,0.005042266845703125,0.00015418840480102938,entropy,5,5,50,"{'criterion': 'entropy', 'max_depth': 5, 'min_samples_leaf': 5, 'min_samples_split': 50}",0.7321428571428571,0.8392857142857143,0.625,0.7454545454545455,0.8363636363636363,0.7556493506493507,0.07903869856685297,76
299,0.004735469818115234,0.00012398655566074206,0.0047817230224609375,4.694122163642912e-05,entropy,5,5,100,"{'criterion': 'entropy', 'max_depth': 5, 'min_samples_leaf': 5, 'min_samples_split': 100}",0.7678571428571429,0.875,0.625,0.7454545454545455,0.7818181818181819,0.759025974025974,0.08024287428385438,58
300,0.004987859725952148,0.00019838692920680159,0.0049651145935058595,0.00012748822631842462,entropy,5,10,2,"{'criterion': 'entropy', 'max_depth': 5, 'min_samples_leaf': 10, 'min_samples_split': 2}",0.7678571428571429,0.7678571428571429,0.7142857142857143,0.7454545454545455,0.7454545454545455,0.7481818181818183,0.01968785765161971,94
301,0.004951858520507812,0.0001494107888835495,0.004906558990478515,5.238802205171059e-05,entropy,5,10,5,"{'criterion': 'entropy', 'max_depth': 5, 'min_samples_leaf': 10, 'min_samples_split': 5}",0.7678571428571429,0.7678571428571429,0.7142857142857143,0.7454545454545455,0.7454545454545455,0.7481818181818183,0.01968785765161971,94
302,0.0049420356750488285,0.00013942188495524283,0.005025053024291992,9.846492192734254e-05,entropy,5,10,10,"{'criterion': 'entropy', 'max_depth': 5, 'min_samples_leaf': 10, 'min_samples_split': 10}",0.7678571428571429,0.7678571428571429,0.7142857142857143,0.7454545454545455,0.7454545454545455,0.7481818181818183,0.01968785765161971,94
303,0.004879570007324219,8.191981886977867e-05,0.004887962341308593,4.081893186624298e-05,entropy,5,10,15,"{'criterion': 'entropy', 'max_depth': 5, 'min_samples_leaf': 10, 'min_samples_split': 15}",0.7678571428571429,0.7678571428571429,0.7142857142857143,0.7454545454545455,0.7454545454545455,0.7481818181818183,0.01968785765161971,94
304,0.004885959625244141,0.00013061538547547237,0.004907369613647461,5.506529872440819e-05,entropy,5,10,50,"{'criterion': 'entropy', 'max_depth': 5, 'min_samples_leaf': 10, 'min_samples_split': 50}",0.7678571428571429,0.8392857142857143,0.7142857142857143,0.7454545454545455,0.7454545454545455,0.7624675324675325,0.04202487838296966,44
305,0.004724454879760742,3.965794760180932e-05,0.004912948608398438,0.00010934787875257966,entropy,5,10,100,"{'criterion': 'entropy', 'max_depth': 5, 'min_samples_leaf': 10, 'min_samples_split': 100}",0.7678571428571429,0.875,0.625,0.7454545454545455,0.7818181818181819,0.759025974025974,0.08024287428385438,58
306,0.004920387268066406,0.00010261039296451677,0.0048717021942138675,7.320616750325667e-05,entropy,5,15,2,"{'criterion': 'entropy', 'max_depth': 5, 'min_samples_leaf': 15, 'min_samples_split': 2}",0.8035714285714286,0.6964285714285714,0.7142857142857143,0.7454545454545455,0.6181818181818182,0.7155844155844157,0.06081091692121397,324
307,0.004985284805297851,0.000210562855700222,0.005003643035888672,0.00019096672746933338,entropy,5,15,5,"{'criterion': 'entropy', 'max_depth': 5, 'min_samples_leaf': 15, 'min_samples_split': 5}",0.8035714285714286,0.6964285714285714,0.7142857142857143,0.7454545454545455,0.6181818181818182,0.7155844155844157,0.06081091692121397,324
308,0.004893207550048828,0.00014944000463042555,0.004990196228027344,4.49120361597259e-05,entropy,5,15,10,"{'criterion': 'entropy', 'max_depth': 5, 'min_samples_leaf': 15, 'min_samples_split': 10}",0.8035714285714286,0.6964285714285714,0.7142857142857143,0.7454545454545455,0.6181818181818182,0.7155844155844157,0.06081091692121397,324
309,0.00479278564453125,2.5208680856984002e-05,0.004880714416503906,3.534691930197077e-05,entropy,5,15,15,"{'criterion': 'entropy', 'max_depth': 5, 'min_samples_leaf': 15, 'min_samples_split': 15}",0.8035714285714286,0.6964285714285714,0.7142857142857143,0.7454545454545455,0.6181818181818182,0.7155844155844157,0.06081091692121397,324
310,0.005002403259277343,4.720798645261013e-05,0.00498347282409668,6.710157805630735e-05,entropy,5,15,50,"{'criterion': 'entropy', 'max_depth': 5, 'min_samples_leaf': 15, 'min_samples_split': 50}",0.8035714285714286,0.8392857142857143,0.7142857142857143,0.7454545454545455,0.7454545454545455,0.7696103896103896,0.045245623765108406,23
311,0.004684352874755859,0.00013475763987362666,0.004893302917480469,5.391170761954908e-05,entropy,5,15,100,"{'criterion': 'entropy', 'max_depth': 5, 'min_samples_leaf': 15, 'min_samples_split': 100}",0.7678571428571429,0.875,0.625,0.7454545454545455,0.7090909090909091,0.7444805194805195,0.0813766171587746,139
312,0.004914999008178711,0.00012363882712855187,0.004969930648803711,0.00015682815305247342,entropy,5,20,2,"{'criterion': 'entropy', 'max_depth': 5, 'min_samples_leaf': 20, 'min_samples_split': 2}",0.7142857142857143,0.8392857142857143,0.6964285714285714,0.8181818181818182,0.6727272727272727,0.7481818181818183,0.0674101664793961,94
313,0.004750251770019531,5.269406595761239e-05,0.004860687255859375,0.00011915028065279194,entropy,5,20,5,"{'criterion': 'entropy', 'max_depth': 5, 'min_samples_leaf': 20, 'min_samples_split': 5}",0.7142857142857143,0.8392857142857143,0.6964285714285714,0.8181818181818182,0.6727272727272727,0.7481818181818183,0.0674101664793961,94
314,0.004824209213256836,0.00014913019421062187,0.004999780654907226,0.00010395636235779192,entropy,5,20,10,"{'criterion': 'entropy', 'max_depth': 5, 'min_samples_leaf': 20, 'min_samples_split': 10}",0.7142857142857143,0.8392857142857143,0.6964285714285714,0.8181818181818182,0.6727272727272727,0.7481818181818183,0.0674101664793961,94
315,0.0049549579620361325,0.00024938978151949444,0.004881048202514648,6.633893176703877e-05,entropy,5,20,15,"{'criterion': 'entropy', 'max_depth': 5, 'min_samples_leaf': 20, 'min_samples_split': 15}",0.7142857142857143,0.8392857142857143,0.6964285714285714,0.8181818181818182,0.6727272727272727,0.7481818181818183,0.0674101664793961,94
316,0.004801368713378907,0.00013104102829500326,0.0050079345703125,0.00022530408889049824,entropy,5,20,50,"{'criterion': 'entropy', 'max_depth': 5, 'min_samples_leaf': 20, 'min_samples_split': 50}",0.7142857142857143,0.8392857142857143,0.7142857142857143,0.8181818181818182,0.7818181818181819,0.7735714285714286,0.051780411323157846,13
317,0.004685735702514649,0.00011286259090357981,0.00493621826171875,0.00011100406493332695,entropy,5,20,100,"{'criterion': 'entropy', 'max_depth': 5, 'min_samples_leaf': 20, 'min_samples_split': 100}",0.7321428571428571,0.875,0.625,0.6909090909090909,0.8363636363636363,0.7518831168831169,0.09219713675400501,85
318,0.004849100112915039,7.082237436428966e-05,0.00494852066040039,0.00013990060923027152,entropy,5,25,2,"{'criterion': 'entropy', 'max_depth': 5, 'min_samples_leaf': 25, 'min_samples_split': 2}",0.8035714285714286,0.7678571428571429,0.6607142857142857,0.7272727272727273,0.7454545454545455,0.740974025974026,0.047519602971344645,152
319,0.0047184467315673825,5.420814340803626e-05,0.004847240447998047,7.15658392419767e-05,entropy,5,25,5,"{'criterion': 'entropy', 'max_depth': 5, 'min_samples_leaf': 25, 'min_samples_split': 5}",0.8035714285714286,0.7678571428571429,0.6607142857142857,0.7272727272727273,0.7454545454545455,0.740974025974026,0.047519602971344645,152
320,0.004840946197509766,4.3235380222387614e-05,0.004965496063232422,8.393693943807462e-05,entropy,5,25,10,"{'criterion': 'entropy', 'max_depth': 5, 'min_samples_leaf': 25, 'min_samples_split': 10}",0.8035714285714286,0.7678571428571429,0.6607142857142857,0.7272727272727273,0.7454545454545455,0.740974025974026,0.047519602971344645,152
321,0.004723739624023437,6.767500343501923e-05,0.005013084411621094,0.00011268062600576602,entropy,5,25,15,"{'criterion': 'entropy', 'max_depth': 5, 'min_samples_leaf': 25, 'min_samples_split': 15}",0.8035714285714286,0.7678571428571429,0.6607142857142857,0.7272727272727273,0.7454545454545455,0.740974025974026,0.047519602971344645,152
322,0.004802179336547851,9.516150175514674e-05,0.004981040954589844,0.00011638197254296326,entropy,5,25,50,"{'criterion': 'entropy', 'max_depth': 5, 'min_samples_leaf': 25, 'min_samples_split': 50}",0.8035714285714286,0.7678571428571429,0.6607142857142857,0.7272727272727273,0.7454545454545455,0.740974025974026,0.047519602971344645,152
323,0.0046768665313720705,0.00022905975618815933,0.004921960830688477,6.746789155207684e-05,entropy,5,25,100,"{'criterion': 'entropy', 'max_depth': 5, 'min_samples_leaf': 25, 'min_samples_split': 100}",0.7321428571428571,0.875,0.5892857142857143,0.6181818181818182,0.8363636363636363,0.7301948051948053,0.11370702812149876,215
324,0.00559234619140625,0.00013658350962206356,0.004969501495361328,8.043150327305726e-05,entropy,10,2,2,"{'criterion': 'entropy', 'max_depth': 10, 'min_samples_leaf': 2, 'min_samples_split': 2}",0.75,0.7142857142857143,0.6428571428571429,0.7272727272727273,0.7636363636363637,0.7196103896103896,0.04204744767877765,312
325,0.00552220344543457,0.0001260353224124087,0.005075979232788086,0.0001554879186408162,entropy,10,2,5,"{'criterion': 'entropy', 'max_depth': 10, 'min_samples_leaf': 2, 'min_samples_split': 5}",0.75,0.7142857142857143,0.6428571428571429,0.7272727272727273,0.7636363636363637,0.7196103896103896,0.04204744767877765,312
326,0.005573368072509766,0.00011390476997792724,0.005195903778076172,0.0003726978994998425,entropy,10,2,10,"{'criterion': 'entropy', 'max_depth': 10, 'min_samples_leaf': 2, 'min_samples_split': 10}",0.75,0.6964285714285714,0.6785714285714286,0.7454545454545455,0.7818181818181819,0.7304545454545455,0.03766927835732383,209
327,0.005464601516723633,4.4029243854607244e-05,0.00494542121887207,2.7187496879105758e-05,entropy,10,2,15,"{'criterion': 'entropy', 'max_depth': 10, 'min_samples_leaf': 2, 'min_samples_split': 15}",0.7142857142857143,0.7142857142857143,0.6785714285714286,0.7454545454545455,0.7636363636363637,0.7232467532467532,0.029260867162601963,293
328,0.005212163925170899,0.00010089006639036673,0.0048980712890625,0.00012117604053009455,entropy,10,2,50,"{'criterion': 'entropy', 'max_depth': 10, 'min_samples_leaf': 2, 'min_samples_split': 50}",0.6964285714285714,0.8392857142857143,0.6964285714285714,0.7818181818181819,0.7818181818181819,0.759155844155844,0.05534867780042589,45
329,0.004857492446899414,0.00013279485952412786,0.0050524711608886715,0.00021299983338612182,entropy,10,2,100,"{'criterion': 'entropy', 'max_depth': 10, 'min_samples_leaf': 2, 'min_samples_split': 100}",0.7678571428571429,0.875,0.625,0.7454545454545455,0.7818181818181819,0.759025974025974,0.08024287428385438,58
330,0.005389022827148438,5.558199313232439e-05,0.004959917068481446,0.00010722991623073145,entropy,10,5,2,"{'criterion': 'entropy', 'max_depth': 10, 'min_samples_leaf': 5, 'min_samples_split': 2}",0.75,0.7678571428571429,0.6785714285714286,0.8363636363636363,0.7272727272727273,0.7520129870129869,0.05172207342198281,82
331,0.005505895614624024,0.00016328457007596867,0.0050334930419921875,0.00019283067105739865,entropy,10,5,5,"{'criterion': 'entropy', 'max_depth': 10, 'min_samples_leaf': 5, 'min_samples_split': 5}",0.75,0.7678571428571429,0.6785714285714286,0.8363636363636363,0.7272727272727273,0.7520129870129869,0.05172207342198281,82
332,0.0052738189697265625,0.00010927948798741561,0.004948854446411133,6.345643844399878e-05,entropy,10,5,10,"{'criterion': 'entropy', 'max_depth': 10, 'min_samples_leaf': 5, 'min_samples_split': 10}",0.75,0.7678571428571429,0.6785714285714286,0.8363636363636363,0.7272727272727273,0.7520129870129869,0.05172207342198281,82
333,0.005362606048583985,8.665819743600118e-05,0.0050433635711669925,9.220378573903849e-05,entropy,10,5,15,"{'criterion': 'entropy', 'max_depth': 10, 'min_samples_leaf': 5, 'min_samples_split': 15}",0.7857142857142857,0.7678571428571429,0.6785714285714286,0.8363636363636363,0.7454545454545455,0.7627922077922078,0.051686680128266424,37
334,0.005118608474731445,0.00011984180493205095,0.005030441284179688,8.33478617079881e-05,entropy,10,5,50,"{'criterion': 'entropy', 'max_depth': 10, 'min_samples_leaf': 5, 'min_samples_split': 50}",0.7678571428571429,0.8392857142857143,0.6428571428571429,0.7818181818181819,0.7818181818181819,0.7627272727272727,0.06478469602664375,38
335,0.004919624328613282,0.00019161121982146765,0.004931068420410157,9.760864781468074e-05,entropy,10,5,100,"{'criterion': 'entropy', 'max_depth': 10, 'min_samples_leaf': 5, 'min_samples_split': 100}",0.7678571428571429,0.875,0.625,0.7454545454545455,0.7818181818181819,0.759025974025974,0.08024287428385438,58
336,0.005198335647583008,0.00016838804634454032,0.004997634887695312,8.34373196589901e-05,entropy,10,10,2,"{'criterion': 'entropy', 'max_depth': 10, 'min_samples_leaf': 10, 'min_samples_split': 2}",0.6428571428571429,0.6607142857142857,0.6785714285714286,0.7636363636363637,0.7636363636363637,0.7018831168831169,0.05167068811347253,328
337,0.005123615264892578,0.00012010892909554727,0.005060768127441407,0.00011158168823887904,entropy,10,10,5,"{'criterion': 'entropy', 'max_depth': 10, 'min_samples_leaf': 10, 'min_samples_split': 5}",0.6428571428571429,0.6607142857142857,0.6785714285714286,0.7636363636363637,0.7636363636363637,0.7018831168831169,0.05167068811347253,328
338,0.005442333221435547,9.813563581740053e-05,0.005272340774536133,0.0002687943537874144,entropy,10,10,10,"{'criterion': 'entropy', 'max_depth': 10, 'min_samples_leaf': 10, 'min_samples_split': 10}",0.6428571428571429,0.6607142857142857,0.6785714285714286,0.7636363636363637,0.7636363636363637,0.7018831168831169,0.05167068811347253,328
339,0.005499887466430664,0.00016021944226220634,0.005563688278198242,0.0002472802012799603,entropy,10,10,15,"{'criterion': 'entropy', 'max_depth': 10, 'min_samples_leaf': 10, 'min_samples_split': 15}",0.6428571428571429,0.6607142857142857,0.6785714285714286,0.7636363636363637,0.7636363636363637,0.7018831168831169,0.05167068811347253,328
340,0.005415153503417969,0.00021705197948503988,0.005412626266479492,0.0002649753840508775,entropy,10,10,50,"{'criterion': 'entropy', 'max_depth': 10, 'min_samples_leaf': 10, 'min_samples_split': 50}",0.7678571428571429,0.8392857142857143,0.6964285714285714,0.7636363636363637,0.8,0.7734415584415585,0.04711503239538828,16
341,0.005026340484619141,0.00010091602541586158,0.005038261413574219,8.778998143405281e-05,entropy,10,10,100,"{'criterion': 'entropy', 'max_depth': 10, 'min_samples_leaf': 10, 'min_samples_split': 100}",0.7678571428571429,0.875,0.625,0.7454545454545455,0.7818181818181819,0.759025974025974,0.08024287428385438,58
342,0.005265188217163086,0.00027860144528934344,0.005171823501586914,0.00025977965843371024,entropy,10,15,2,"{'criterion': 'entropy', 'max_depth': 10, 'min_samples_leaf': 15, 'min_samples_split': 2}",0.7321428571428571,0.6964285714285714,0.6785714285714286,0.8181818181818182,0.6545454545454545,0.7159740259740259,0.05703036447886638,320
343,0.005063104629516602,8.037774549975552e-05,0.004973697662353516,0.00017397561692729138,entropy,10,15,5,"{'criterion': 'entropy', 'max_depth': 10, 'min_samples_leaf': 15, 'min_samples_split': 5}",0.7321428571428571,0.6964285714285714,0.6785714285714286,0.8181818181818182,0.6545454545454545,0.7159740259740259,0.05703036447886638,320
344,0.005049800872802735,7.363431117200001e-05,0.005022764205932617,0.0001798044743668785,entropy,10,15,10,"{'criterion': 'entropy', 'max_depth': 10, 'min_samples_leaf': 15, 'min_samples_split': 10}",0.7321428571428571,0.6964285714285714,0.6785714285714286,0.8181818181818182,0.6545454545454545,0.7159740259740259,0.05703036447886638,320
345,0.005129671096801758,0.0002086512454528042,0.004967689514160156,0.00015184796760288018,entropy,10,15,15,"{'criterion': 'entropy', 'max_depth': 10, 'min_samples_leaf': 15, 'min_samples_split': 15}",0.7321428571428571,0.6964285714285714,0.6785714285714286,0.8181818181818182,0.6545454545454545,0.7159740259740259,0.05703036447886638,320
346,0.005058431625366211,0.00015337610807418013,0.004996204376220703,0.00011482894203894802,entropy,10,15,50,"{'criterion': 'entropy', 'max_depth': 10, 'min_samples_leaf': 15, 'min_samples_split': 50}",0.8035714285714286,0.8392857142857143,0.6964285714285714,0.7636363636363637,0.7818181818181819,0.7769480519480519,0.04749546143020624,11
347,0.0047261714935302734,9.325671939344738e-05,0.00489659309387207,0.00011628702381041914,entropy,10,15,100,"{'criterion': 'entropy', 'max_depth': 10, 'min_samples_leaf': 15, 'min_samples_split': 100}",0.7678571428571429,0.875,0.625,0.7454545454545455,0.7090909090909091,0.7444805194805195,0.0813766171587746,139
348,0.004958438873291016,9.181405066710767e-05,0.0049403667449951175,9.349420955952373e-05,entropy,10,20,2,"{'criterion': 'entropy', 'max_depth': 10, 'min_samples_leaf': 20, 'min_samples_split': 2}",0.7142857142857143,0.8392857142857143,0.6607142857142857,0.8181818181818182,0.6727272727272727,0.7410389610389612,0.07407796078394648,148
349,0.004892206192016602,6.654614053488002e-05,0.004950380325317383,6.230121542802603e-05,entropy,10,20,5,"{'criterion': 'entropy', 'max_depth': 10, 'min_samples_leaf': 20, 'min_samples_split': 5}",0.7142857142857143,0.8392857142857143,0.6607142857142857,0.8181818181818182,0.6727272727272727,0.7410389610389612,0.07407796078394648,148
350,0.005026054382324219,0.0001416287756998593,0.004929924011230468,4.1622612697008155e-05,entropy,10,20,10,"{'criterion': 'entropy', 'max_depth': 10, 'min_samples_leaf': 20, 'min_samples_split': 10}",0.7142857142857143,0.8392857142857143,0.6607142857142857,0.8181818181818182,0.6727272727272727,0.7410389610389612,0.07407796078394648,148
351,0.005005455017089844,0.0002314075842903219,0.004940462112426758,9.1117005782201e-05,entropy,10,20,15,"{'criterion': 'entropy', 'max_depth': 10, 'min_samples_leaf': 20, 'min_samples_split': 15}",0.7142857142857143,0.8392857142857143,0.6607142857142857,0.8181818181818182,0.6727272727272727,0.7410389610389612,0.07407796078394648,148
352,0.004876184463500977,0.0001060204717369288,0.0049723625183105465,7.984461302575744e-05,entropy,10,20,50,"{'criterion': 'entropy', 'max_depth': 10, 'min_samples_leaf': 20, 'min_samples_split': 50}",0.7142857142857143,0.8392857142857143,0.7142857142857143,0.8181818181818182,0.7818181818181819,0.7735714285714286,0.051780411323157846,13
353,0.004742050170898437,8.049564884904614e-05,0.004959392547607422,0.000157403606459498,entropy,10,20,100,"{'criterion': 'entropy', 'max_depth': 10, 'min_samples_leaf': 20, 'min_samples_split': 100}",0.7321428571428571,0.875,0.625,0.6909090909090909,0.8363636363636363,0.7518831168831169,0.09219713675400501,85
354,0.004786872863769531,3.0851253585971123e-05,0.004951953887939453,0.00010255347303900432,entropy,10,25,2,"{'criterion': 'entropy', 'max_depth': 10, 'min_samples_leaf': 25, 'min_samples_split': 2}",0.8035714285714286,0.7678571428571429,0.6607142857142857,0.7272727272727273,0.7454545454545455,0.740974025974026,0.047519602971344645,152
355,0.004912757873535156,0.00017063666842375097,0.004960870742797852,4.511811924192646e-05,entropy,10,25,5,"{'criterion': 'entropy', 'max_depth': 10, 'min_samples_leaf': 25, 'min_samples_split': 5}",0.8035714285714286,0.7678571428571429,0.6607142857142857,0.7272727272727273,0.7454545454545455,0.740974025974026,0.047519602971344645,152
356,0.004875564575195312,0.0001396392684780367,0.0049479007720947266,6.112896148066196e-05,entropy,10,25,10,"{'criterion': 'entropy', 'max_depth': 10, 'min_samples_leaf': 25, 'min_samples_split': 10}",0.8035714285714286,0.7678571428571429,0.6607142857142857,0.7272727272727273,0.7454545454545455,0.740974025974026,0.047519602971344645,152
357,0.004809713363647461,6.570352335874595e-05,0.0049972057342529295,7.955187366466295e-05,entropy,10,25,15,"{'criterion': 'entropy', 'max_depth': 10, 'min_samples_leaf': 25, 'min_samples_split': 15}",0.8035714285714286,0.7678571428571429,0.6607142857142857,0.7272727272727273,0.7454545454545455,0.740974025974026,0.047519602971344645,152
358,0.004806613922119141,0.00011084844614536987,0.005031156539916992,0.00013712981121768823,entropy,10,25,50,"{'criterion': 'entropy', 'max_depth': 10, 'min_samples_leaf': 25, 'min_samples_split': 50}",0.8035714285714286,0.7678571428571429,0.6607142857142857,0.7272727272727273,0.7454545454545455,0.740974025974026,0.047519602971344645,152
359,0.004697084426879883,9.097898030111216e-05,0.0050090312957763675,9.925656093343544e-05,entropy,10,25,100,"{'criterion': 'entropy', 'max_depth': 10, 'min_samples_leaf': 25, 'min_samples_split': 100}",0.7321428571428571,0.875,0.5892857142857143,0.6181818181818182,0.8363636363636363,0.7301948051948053,0.11370702812149876,215
